agent,num_ues,carrier_freq_ghz,bandwidth_mhz,cbr_profile,speed_profile,seed,num_steps,spectral_efficiency_bps_hz,queue_delay_p95_ms,ric_latency_mean_ms,total_reward,mean_throughput_bits,mean_queue_bits
RoundRobin,10,0.7,10.0,"(1000,)","(0.0,)",42,5,8.082720,0.0000,0.010079,404136.00,80827.20,0.00
RoundRobin,10,0.7,10.0,"(1000,)","(0.0,)",43,5,7.961120,0.0000,0.010507,398056.00,79611.20,0.00
RoundRobin,10,0.7,10.0,"(1000,)","(0.0,)",44,5,7.980960,0.0000,0.010077,399048.00,79809.60,0.00
RoundRobin,10,0.7,10.0,"(1000,)","(0.0,)",45,5,7.941440,0.0000,0.062564,397071.94,79414.40,120.84
RoundRobin,10,0.7,10.0,"(1000,)","(0.0,)",46,5,8.077440,0.0000,0.009707,403872.00,80774.40,0.00
RoundRobin,10,0.7,10.0,"(1000,)","(0.0,)",47,5,8.003200,0.0000,0.010579,400160.00,80032.00,0.00
RoundRobin,10,0.7,10.0,"(1000,)","(0.0,)",48,5,7.959360,0.0000,0.010746,397968.00,79593.60,0.00
RoundRobin,10,0.7,10.0,"(1000,)","(0.0,)",50,5,7.988160,0.0000,0.008986,399408.00,79881.60,0.00
RoundRobin,10,0.7,10.0,"(1000,)","(0.0,)",49,5,8.017280,0.0000,0.010619,400864.00,80172.80,0.00
RoundRobin,10,0.7,10.0,"(1000,)","(0.0,)",51,5,8.003840,0.0000,0.010300,400192.00,80038.40,0.00
RoundRobin,10,2.0,10.0,"(1000,)","(0.0,)",43,5,7.961120,0.0000,0.010843,398056.00,79611.20,0.00
RoundRobin,10,2.0,10.0,"(1000,)","(0.0,)",42,5,8.082720,0.0000,0.010267,404136.00,80827.20,0.00
RoundRobin,10,2.0,10.0,"(1000,)","(0.0,)",44,5,7.980960,0.0000,0.009231,399048.00,79809.60,0.00
RoundRobin,10,2.0,10.0,"(1000,)","(0.0,)",45,5,7.934049,0.0115,0.009548,396702.08,79340.49,766.96
RoundRobin,10,2.0,10.0,"(1000,)","(0.0,)",47,5,8.003200,0.0000,0.009038,400160.00,80032.00,0.00
RoundRobin,10,2.0,10.0,"(1000,)","(0.0,)",46,5,8.077440,0.0000,0.037035,403871.98,80774.40,37.31
RoundRobin,10,2.0,10.0,"(1000,)","(0.0,)",48,5,7.959360,0.0000,0.010721,397967.99,79593.60,11.62
RoundRobin,10,2.0,10.0,"(1000,)","(0.0,)",51,5,8.003840,0.0000,0.010152,400191.97,80038.40,54.27
RoundRobin,10,2.0,10.0,"(1000,)","(0.0,)",49,5,8.017280,0.0000,0.009067,400864.00,80172.80,0.00
RoundRobin,10,2.0,10.0,"(1000,)","(0.0,)",50,5,7.988160,0.0000,0.009096,399408.00,79881.60,0.00
RoundRobin,10,0.7,10.0,"(4000,)","(0.0,)",43,5,18.095482,2.5277,0.010065,904563.96,180954.82,420236.33
RoundRobin,10,0.7,10.0,"(4000,)","(0.0,)",44,5,16.971448,2.5752,0.008845,848350.14,169714.48,444527.92
RoundRobin,10,0.7,10.0,"(4000,)","(0.0,)",42,5,16.788794,2.5376,0.009133,839210.27,167887.94,458825.44
RoundRobin,10,0.7,10.0,"(4000,)","(0.0,)",45,5,17.294183,2.6411,0.010451,864494.06,172941.83,430181.36
RoundRobin,10,0.7,10.0,"(4000,)","(0.0,)",46,5,18.377319,2.6255,0.009828,918657.66,183773.19,416577.92
RoundRobin,10,0.7,10.0,"(4000,)","(0.0,)",47,5,17.023614,2.5186,0.010592,850956.50,170236.14,448360.54
RoundRobin,10,0.7,10.0,"(4000,)","(0.0,)",49,5,18.526837,2.5734,0.071137,926139.08,185268.37,405515.06
RoundRobin,10,0.7,10.0,"(4000,)","(0.0,)",50,5,19.131906,2.5609,0.008932,956401.22,191319.06,388173.94
RoundRobin,10,0.7,10.0,"(4000,)","(0.0,)",51,5,17.117328,2.7245,0.009711,855641.70,171173.28,449367.74
RoundRobin,10,0.7,10.0,"(4000,)","(0.0,)",48,5,18.153182,2.4444,0.010174,907451.95,181531.82,414340.74
RoundRobin,10,2.0,10.0,"(4000,)","(0.0,)",42,5,14.062632,2.9636,0.009770,702861.31,140626.32,540610.53
RoundRobin,10,2.0,10.0,"(4000,)","(0.0,)",44,5,14.245385,3.0012,0.008939,712006.08,142453.85,526310.62
RoundRobin,10,2.0,10.0,"(4000,)","(0.0,)",46,5,15.651326,3.0391,0.009076,782317.13,156513.26,498357.56
RoundRobin,10,2.0,10.0,"(4000,)","(0.0,)",45,5,14.568881,3.0562,0.009131,728188.06,145688.81,511929.85
RoundRobin,10,2.0,10.0,"(4000,)","(0.0,)",43,5,15.369331,2.9537,0.009555,768215.54,153693.31,502020.25
RoundRobin,10,2.0,10.0,"(4000,)","(0.0,)",48,5,15.427051,2.8704,0.009179,771104.48,154270.51,496125.11
RoundRobin,10,2.0,10.0,"(4000,)","(0.0,)",49,5,15.800697,2.9993,0.009980,789791.22,158006.97,487299.51
RoundRobin,10,2.0,10.0,"(4000,)","(0.0,)",47,5,14.297425,2.9446,0.076187,714606.20,142974.25,530146.25
RoundRobin,10,2.0,10.0,"(4000,)","(0.0,)",51,5,14.391373,3.1505,0.012261,719303.09,143913.73,531145.10
RoundRobin,10,2.0,10.0,"(4000,)","(0.0,)",50,5,16.405764,2.9869,0.010308,820053.22,164057.64,469957.42
RoundRobin,10,0.7,10.0,"(1000,)","(3.0,)",42,5,8.082720,0.0000,0.009868,404136.00,80827.20,0.00
RoundRobin,10,0.7,10.0,"(1000,)","(3.0,)",44,5,7.980960,0.0000,0.008831,399048.00,79809.60,0.00
RoundRobin,10,0.7,10.0,"(1000,)","(3.0,)",43,5,7.961120,0.0000,0.009412,398056.00,79611.20,0.00
RoundRobin,10,0.7,10.0,"(1000,)","(3.0,)",45,5,7.941440,0.0000,0.009206,397071.94,79414.40,120.84
RoundRobin,10,0.7,10.0,"(1000,)","(3.0,)",47,5,8.003200,0.0000,0.008840,400160.00,80032.00,0.00
RoundRobin,10,0.7,10.0,"(1000,)","(3.0,)",48,5,7.959360,0.0000,0.009449,397968.00,79593.60,0.00
RoundRobin,10,0.7,10.0,"(1000,)","(3.0,)",46,5,8.077440,0.0000,0.008954,403872.00,80774.40,0.00
RoundRobin,10,0.7,10.0,"(1000,)","(3.0,)",50,5,7.988160,0.0000,0.009234,399408.00,79881.60,0.00
RoundRobin,10,0.7,10.0,"(1000,)","(3.0,)",49,5,8.017280,0.0000,0.010473,400864.00,80172.80,0.00
RoundRobin,10,2.0,10.0,"(1000,)","(3.0,)",42,5,8.082720,0.0000,0.009631,404136.00,80827.20,0.00
RoundRobin,10,2.0,10.0,"(1000,)","(3.0,)",43,5,7.961120,0.0000,0.009204,398056.00,79611.20,0.00
RoundRobin,10,0.7,10.0,"(1000,)","(3.0,)",51,5,8.003840,0.0000,0.009823,400192.00,80038.40,0.00
RoundRobin,10,2.0,10.0,"(1000,)","(3.0,)",45,5,7.934049,0.0115,0.009086,396702.06,79340.49,766.95
RoundRobin,10,2.0,10.0,"(1000,)","(3.0,)",46,5,8.077440,0.0000,0.008572,403871.98,80774.40,37.30
RoundRobin,10,2.0,10.0,"(1000,)","(3.0,)",44,5,7.980960,0.0000,0.012273,399048.00,79809.60,0.00
RoundRobin,10,2.0,10.0,"(1000,)","(3.0,)",49,5,8.017280,0.0000,0.010074,400864.00,80172.80,0.00
RoundRobin,10,2.0,10.0,"(1000,)","(3.0,)",50,5,7.988160,0.0000,0.008985,399408.00,79881.60,0.00
RoundRobin,10,2.0,10.0,"(1000,)","(3.0,)",47,5,8.003200,0.0000,0.009032,400160.00,80032.00,0.00
RoundRobin,10,2.0,10.0,"(1000,)","(3.0,)",48,5,7.959360,0.0000,0.008709,397967.99,79593.60,11.63
RoundRobin,10,0.7,10.0,"(4000,)","(3.0,)",42,5,16.788783,2.5376,0.009117,839209.74,167887.83,458825.69
RoundRobin,10,0.7,10.0,"(4000,)","(3.0,)",44,5,16.971448,2.5752,0.009286,848350.15,169714.48,444527.93
RoundRobin,10,0.7,10.0,"(4000,)","(3.0,)",43,5,18.095480,2.5277,0.009458,904563.88,180954.80,420236.38
RoundRobin,10,0.7,10.0,"(4000,)","(3.0,)",45,5,17.294195,2.6411,0.010057,864494.65,172941.95,430181.08
RoundRobin,10,0.7,10.0,"(4000,)","(3.0,)",46,5,18.377327,2.6255,0.009811,918658.05,183773.27,416577.73
RoundRobin,10,2.0,10.0,"(1000,)","(3.0,)",51,5,8.003840,0.0000,0.010339,400191.97,80038.40,54.27
RoundRobin,10,0.7,10.0,"(4000,)","(3.0,)",48,5,18.153190,2.4444,0.009495,907452.31,181531.90,414340.57
RoundRobin,10,0.7,10.0,"(4000,)","(3.0,)",49,5,18.526833,2.5734,0.008936,926138.87,185268.33,405515.17
RoundRobin,10,0.7,10.0,"(4000,)","(3.0,)",47,5,17.023615,2.5186,0.009735,850956.56,170236.15,448360.52
RoundRobin,10,0.7,10.0,"(4000,)","(3.0,)",51,5,17.117322,2.7245,0.008919,855641.41,171173.22,449367.89
RoundRobin,10,2.0,10.0,"(4000,)","(3.0,)",42,5,14.062622,2.9636,0.009207,702860.78,140626.22,540610.77
RoundRobin,10,0.7,10.0,"(4000,)","(3.0,)",50,5,19.131906,2.5609,0.009492,956401.24,191319.06,388173.93
RoundRobin,10,2.0,10.0,"(4000,)","(3.0,)",43,5,15.369329,2.9537,0.009720,768215.46,153693.29,502020.30
RoundRobin,10,2.0,10.0,"(4000,)","(3.0,)",46,5,15.651334,3.0391,0.010276,782317.51,156513.34,498357.38
RoundRobin,10,2.0,10.0,"(4000,)","(3.0,)",44,5,14.245385,3.0012,0.009952,712006.08,142453.85,526310.62
RoundRobin,10,2.0,10.0,"(4000,)","(3.0,)",45,5,14.568892,3.0562,0.009834,728188.65,145688.92,511929.57
RoundRobin,10,2.0,10.0,"(4000,)","(3.0,)",47,5,14.297427,2.9446,0.009557,714606.26,142974.27,530146.23
RoundRobin,10,2.0,10.0,"(4000,)","(3.0,)",48,5,15.427058,2.8704,0.012707,771104.84,154270.58,496124.94
RoundRobin,10,2.0,10.0,"(4000,)","(3.0,)",49,5,15.800693,2.9993,0.009724,789791.00,158006.93,487299.62
RoundRobin,10,2.0,10.0,"(4000,)","(3.0,)",51,5,14.391367,3.1505,0.009336,719302.80,143913.67,531145.25
RoundRobin,10,0.7,10.0,"(1000,)","(20.0,)",43,5,7.961120,0.0000,0.018882,398056.00,79611.20,0.00
RoundRobin,10,0.7,10.0,"(1000,)","(20.0,)",42,5,8.082720,0.0000,0.010128,404136.00,80827.20,0.00
RoundRobin,10,2.0,10.0,"(4000,)","(3.0,)",50,5,16.405764,2.9869,0.009930,820053.23,164057.64,469957.42
RoundRobin,10,0.7,10.0,"(1000,)","(20.0,)",44,5,7.980960,0.0000,0.011867,399048.00,79809.60,0.00
RoundRobin,10,0.7,10.0,"(1000,)","(20.0,)",46,5,8.077440,0.0000,0.009021,403872.00,80774.40,0.00
RoundRobin,10,0.7,10.0,"(1000,)","(20.0,)",47,5,8.003200,0.0000,0.009634,400160.00,80032.00,0.00
RoundRobin,10,0.7,10.0,"(1000,)","(20.0,)",49,5,8.017280,0.0000,0.009446,400864.00,80172.80,0.00
RoundRobin,10,0.7,10.0,"(1000,)","(20.0,)",48,5,7.959360,0.0000,0.009325,397968.00,79593.60,0.00
RoundRobin,10,0.7,10.0,"(1000,)","(20.0,)",51,5,8.003840,0.0000,0.010037,400192.00,80038.40,0.00
RoundRobin,10,0.7,10.0,"(1000,)","(20.0,)",50,5,7.988160,0.0000,0.010167,399408.00,79881.60,0.00
RoundRobin,10,0.7,10.0,"(1000,)","(20.0,)",45,5,7.941440,0.0000,0.010799,397071.94,79414.40,120.83
RoundRobin,10,2.0,10.0,"(1000,)","(20.0,)",42,5,8.082720,0.0000,0.009794,404136.00,80827.20,0.00
RoundRobin,10,2.0,10.0,"(1000,)","(20.0,)",43,5,7.961120,0.0000,0.009167,398056.00,79611.20,0.00
RoundRobin,10,2.0,10.0,"(1000,)","(20.0,)",47,5,8.003200,0.0000,0.010755,400160.00,80032.00,0.00
RoundRobin,10,2.0,10.0,"(1000,)","(20.0,)",44,5,7.980960,0.0000,0.009670,399048.00,79809.60,0.00
RoundRobin,10,2.0,10.0,"(1000,)","(20.0,)",45,5,7.934047,0.0115,0.009781,396701.97,79340.47,766.93
RoundRobin,10,2.0,10.0,"(1000,)","(20.0,)",46,5,8.077440,0.0000,0.008687,403871.98,80774.40,37.27
RoundRobin,10,2.0,10.0,"(1000,)","(20.0,)",48,5,7.959360,0.0000,0.008842,397967.99,79593.60,11.70
RoundRobin,10,2.0,10.0,"(1000,)","(20.0,)",49,5,8.017280,0.0000,0.008838,400864.00,80172.80,0.00
RoundRobin,10,2.0,10.0,"(1000,)","(20.0,)",50,5,7.988160,0.0000,0.008747,399408.00,79881.60,0.00
RoundRobin,10,2.0,10.0,"(1000,)","(20.0,)",51,5,8.003840,0.0000,0.008735,400191.97,80038.40,54.27
RoundRobin,10,0.7,10.0,"(4000,)","(20.0,)",43,5,18.095471,2.5277,0.012954,904563.41,180954.71,420236.66
RoundRobin,10,0.7,10.0,"(4000,)","(20.0,)",42,5,16.788723,2.5376,0.010494,839206.73,167887.23,458827.09
RoundRobin,10,0.7,10.0,"(4000,)","(20.0,)",45,5,17.294261,2.6411,0.009981,864497.97,172942.61,430179.48
RoundRobin,10,0.7,10.0,"(4000,)","(20.0,)",44,5,16.971449,2.5752,0.025325,848350.20,169714.49,444527.97
RoundRobin,10,0.7,10.0,"(4000,)","(20.0,)",49,5,18.526808,2.5734,0.038518,926137.65,185268.08,405515.83
RoundRobin,10,0.7,10.0,"(4000,)","(20.0,)",48,5,18.153231,2.4444,0.010554,907454.39,181532.31,414339.61
RoundRobin,10,0.7,10.0,"(4000,)","(20.0,)",46,5,18.377370,2.6254,0.010144,918660.23,183773.70,416576.69
RoundRobin,10,2.0,10.0,"(4000,)","(20.0,)",42,5,14.062562,2.9636,0.009288,702857.77,140625.62,540612.17
RoundRobin,10,0.7,10.0,"(4000,)","(20.0,)",50,5,19.131908,2.5609,0.013926,956401.31,191319.08,388173.93
RoundRobin,10,2.0,10.0,"(4000,)","(20.0,)",43,5,15.369320,2.9536,0.009355,768214.99,153693.20,502020.58
RoundRobin,10,2.0,10.0,"(4000,)","(20.0,)",44,5,14.245386,3.0012,0.008593,712006.13,142453.86,526310.66
RoundRobin,10,0.7,10.0,"(4000,)","(20.0,)",51,5,17.117288,2.7245,0.011888,855639.73,171172.88,449368.71
RoundRobin,10,0.7,10.0,"(4000,)","(20.0,)",47,5,17.023622,2.5186,0.010093,850956.91,170236.22,448360.41
RoundRobin,10,2.0,10.0,"(4000,)","(20.0,)",46,5,15.651378,3.0391,0.009063,782319.70,156513.78,498356.34
RoundRobin,10,2.0,10.0,"(4000,)","(20.0,)",48,5,15.427100,2.8703,0.009775,771106.92,154271.00,496123.98
RoundRobin,10,2.0,10.0,"(4000,)","(20.0,)",47,5,14.297434,2.9446,0.009940,714606.61,142974.34,530146.12
RoundRobin,10,2.0,10.0,"(4000,)","(20.0,)",49,5,15.800669,2.9993,0.009169,789789.78,158006.69,487300.28
RoundRobin,10,2.0,10.0,"(4000,)","(20.0,)",51,5,14.391334,3.1505,0.008968,719301.13,143913.34,531146.07
RoundRobin,10,2.0,10.0,"(4000,)","(20.0,)",50,5,16.405766,2.9868,0.012079,820053.31,164057.66,469957.42
RoundRobin,10,2.0,10.0,"(4000,)","(20.0,)",45,5,14.568959,3.0562,0.009001,728191.97,145689.59,511927.97
RoundRobin,30,0.7,10.0,"(1000,)","(0.0,)",43,5,17.256802,2.4456,0.009179,862737.79,172568.02,204598.54
RoundRobin,30,0.7,10.0,"(1000,)","(0.0,)",44,5,16.866043,2.6141,0.008848,843194.84,168660.43,214605.22
RoundRobin,30,0.7,10.0,"(1000,)","(0.0,)",45,5,16.563847,2.5560,0.009243,828079.56,165638.47,225609.51
RoundRobin,30,0.7,10.0,"(1000,)","(0.0,)",46,5,17.436615,2.4062,0.009809,871734.38,174366.15,192745.94
RoundRobin,30,0.7,10.0,"(1000,)","(0.0,)",42,5,17.001480,2.4760,0.010414,849968.06,170014.80,211885.23
RoundRobin,30,0.7,10.0,"(1000,)","(0.0,)",48,5,17.488442,2.4926,0.010190,874324.30,174884.42,195626.77
RoundRobin,30,0.7,10.0,"(1000,)","(0.0,)",49,5,17.410313,2.5483,0.008962,870416.57,174103.13,198170.62
RoundRobin,30,0.7,10.0,"(1000,)","(0.0,)",50,5,16.838219,2.4573,0.009066,841803.47,168382.19,214942.42
RoundRobin,30,0.7,10.0,"(1000,)","(0.0,)",51,5,17.830675,2.4645,0.009235,891441.26,178306.75,185006.09
RoundRobin,30,0.7,10.0,"(1000,)","(0.0,)",47,5,16.619544,2.5429,0.010104,830865.71,166195.44,222983.86
RoundRobin,30,2.0,10.0,"(1000,)","(0.0,)",42,5,14.387710,2.9658,0.009502,719240.08,143877.10,290797.36
RoundRobin,30,2.0,10.0,"(1000,)","(0.0,)",44,5,14.206378,2.9324,0.010675,710171.98,142063.78,293819.88
RoundRobin,30,2.0,10.0,"(1000,)","(0.0,)",43,5,14.878415,2.8158,0.009290,743783.05,148784.15,275440.43
RoundRobin,30,2.0,10.0,"(1000,)","(0.0,)",45,5,14.053886,2.9296,0.008957,702543.83,140538.86,300971.00
RoundRobin,30,2.0,10.0,"(1000,)","(0.0,)",46,5,15.026146,2.7221,0.008833,751175.12,150261.46,264402.58
RoundRobin,30,2.0,10.0,"(1000,)","(0.0,)",47,5,14.334540,2.8653,0.008792,716581.18,143345.40,291673.07
RoundRobin,30,2.0,10.0,"(1000,)","(0.0,)",48,5,15.298368,2.8341,0.009198,764787.81,152983.68,261142.50
RoundRobin,30,2.0,10.0,"(1000,)","(0.0,)",49,5,14.982347,2.8786,0.008534,748981.43,149823.47,271861.92
RoundRobin,30,2.0,10.0,"(1000,)","(0.0,)",51,5,15.559298,2.7669,0.008810,777838.24,155592.98,253294.14
RoundRobin,30,2.0,10.0,"(1000,)","(0.0,)",50,5,14.391328,2.8856,0.008912,719422.62,143913.28,287519.56
RoundRobin,30,0.7,10.0,"(4000,)","(0.0,)",42,5,17.114170,4.3777,0.009769,854524.17,171141.70,2368666.46
RoundRobin,30,0.7,10.0,"(4000,)","(0.0,)",43,5,17.850591,4.2444,0.010628,891354.19,178505.91,2350743.46
RoundRobin,30,0.7,10.0,"(4000,)","(0.0,)",44,5,17.013180,4.2331,0.009837,849473.58,170131.80,2370822.38
RoundRobin,30,0.7,10.0,"(4000,)","(0.0,)",45,5,17.294164,4.3383,0.009240,863527.16,172941.64,2362060.23
RoundRobin,30,0.7,10.0,"(4000,)","(0.0,)",46,5,17.920376,4.2229,0.008672,894851.62,179203.76,2334382.86
RoundRobin,30,0.7,10.0,"(4000,)","(0.0,)",47,5,17.635426,4.3113,0.008793,880594.23,176354.26,2354136.11
RoundRobin,30,0.7,10.0,"(4000,)","(0.0,)",49,5,17.763566,4.2047,0.009015,887003.92,177635.66,2348781.84
RoundRobin,30,0.7,10.0,"(4000,)","(0.0,)",48,5,18.508099,4.2905,0.009041,924241.38,185080.99,2327174.29
RoundRobin,30,0.7,10.0,"(4000,)","(0.0,)",50,5,17.582324,4.3475,0.009550,877940.29,175823.24,2351800.63
RoundRobin,30,0.7,10.0,"(4000,)","(0.0,)",51,5,18.775207,4.2110,0.010712,937601.21,187752.07,2318320.31
RoundRobin,30,2.0,10.0,"(4000,)","(0.0,)",42,5,14.388531,4.5158,0.009251,718201.32,143885.31,2450430.75
RoundRobin,30,2.0,10.0,"(4000,)","(0.0,)",43,5,15.112867,4.3689,0.008714,754427.13,151128.67,2432413.35
RoundRobin,30,2.0,10.0,"(4000,)","(0.0,)",44,5,14.287086,4.3707,0.008473,713128.00,142870.86,2452605.23
RoundRobin,30,2.0,10.0,"(4000,)","(0.0,)",45,5,14.549692,4.4563,0.008759,726262.20,145496.92,2444762.73
RoundRobin,30,2.0,10.0,"(4000,)","(0.0,)",46,5,15.194242,4.3519,0.008607,758504.00,151942.42,2416166.84
RoundRobin,30,2.0,10.0,"(4000,)","(0.0,)",47,5,14.878842,4.4620,0.009412,742723.53,148788.42,2437138.75
RoundRobin,30,2.0,10.0,"(4000,)","(0.0,)",50,5,14.829346,4.4626,0.009367,740250.12,148293.46,2434388.12
RoundRobin,30,2.0,10.0,"(4000,)","(0.0,)",49,5,15.037459,4.3521,0.009920,750657.69,150374.59,2430565.39
RoundRobin,30,2.0,10.0,"(4000,)","(0.0,)",48,5,15.782092,4.4257,0.009319,787900.13,157820.92,2408955.87
RoundRobin,30,2.0,10.0,"(4000,)","(0.0,)",51,5,16.049156,4.3451,0.009495,801257.73,160491.56,2400102.77
RoundRobin,30,0.7,10.0,"(1000,)","(3.0,)",42,5,17.001479,2.4760,0.009654,849968.03,170014.79,211885.30
RoundRobin,30,0.7,10.0,"(1000,)","(3.0,)",43,5,17.256805,2.4456,0.009227,862737.94,172568.05,204598.48
RoundRobin,30,0.7,10.0,"(1000,)","(3.0,)",44,5,16.866040,2.6141,0.008550,843194.71,168660.40,214605.29
RoundRobin,30,0.7,10.0,"(1000,)","(3.0,)",45,5,16.563854,2.5560,0.008929,828079.88,165638.54,225609.43
RoundRobin,30,0.7,10.0,"(1000,)","(3.0,)",47,5,16.619533,2.5429,0.010007,830865.16,166195.33,222984.12
RoundRobin,30,0.7,10.0,"(1000,)","(3.0,)",48,5,17.488449,2.4926,0.009530,874324.64,174884.49,195626.61
RoundRobin,30,0.7,10.0,"(1000,)","(3.0,)",46,5,17.436612,2.4062,0.008733,871734.23,174366.12,192746.01
RoundRobin,30,0.7,10.0,"(1000,)","(3.0,)",49,5,17.410306,2.5483,0.160421,870416.23,174103.06,198170.78
RoundRobin,30,2.0,10.0,"(1000,)","(3.0,)",42,5,14.387705,2.9658,0.009720,719239.87,143877.05,290797.46
RoundRobin,30,0.7,10.0,"(1000,)","(3.0,)",50,5,16.838213,2.4573,0.009249,841803.16,168382.13,214942.56
RoundRobin,30,2.0,10.0,"(1000,)","(3.0,)",43,5,14.878419,2.8158,0.009399,743783.22,148784.19,275440.36
RoundRobin,30,2.0,10.0,"(1000,)","(3.0,)",45,5,14.053888,2.9296,0.009516,702543.92,140538.88,300970.96
RoundRobin,30,0.7,10.0,"(1000,)","(3.0,)",51,5,17.830677,2.4645,0.009823,891441.35,178306.77,185006.06
RoundRobin,30,2.0,10.0,"(1000,)","(3.0,)",44,5,14.206377,2.9324,0.025702,710171.93,142063.77,293819.90
RoundRobin,30,2.0,10.0,"(1000,)","(3.0,)",46,5,15.026144,2.7221,0.010045,751174.98,150261.44,264402.63
RoundRobin,30,2.0,10.0,"(1000,)","(3.0,)",47,5,14.334528,2.8653,0.009315,716580.54,143345.28,291673.36
RoundRobin,30,2.0,10.0,"(1000,)","(3.0,)",48,5,15.298373,2.8341,0.009214,764788.08,152983.73,261142.36
RoundRobin,30,2.0,10.0,"(1000,)","(3.0,)",49,5,14.982340,2.8786,0.013050,748981.09,149823.40,271862.08
RoundRobin,30,2.0,10.0,"(1000,)","(3.0,)",50,5,14.391320,2.8856,0.009698,719422.26,143913.20,287519.74
RoundRobin,30,0.7,10.0,"(4000,)","(3.0,)",42,5,17.114166,4.3777,0.008619,854523.96,171141.66,2368666.56
RoundRobin,30,2.0,10.0,"(1000,)","(3.0,)",51,5,15.559300,2.7669,0.009380,777838.34,155593.00,253294.08
RoundRobin,30,0.7,10.0,"(4000,)","(3.0,)",43,5,17.850596,4.2444,0.009327,891354.43,178505.96,2350743.35
RoundRobin,30,0.7,10.0,"(4000,)","(3.0,)",45,5,17.294162,4.3383,0.009829,863527.06,172941.62,2362060.28
RoundRobin,30,0.7,10.0,"(4000,)","(3.0,)",44,5,17.013179,4.2331,0.010011,849473.54,170131.79,2370822.39
RoundRobin,30,0.7,10.0,"(4000,)","(3.0,)",46,5,17.920373,4.2229,0.008998,894851.46,179203.73,2334382.91
RoundRobin,30,0.7,10.0,"(4000,)","(3.0,)",49,5,17.763560,4.2047,0.009006,887003.59,177635.60,2348781.99
RoundRobin,30,0.7,10.0,"(4000,)","(3.0,)",47,5,17.635414,4.3113,0.009565,880593.65,176354.14,2354136.38
RoundRobin,30,0.7,10.0,"(4000,)","(3.0,)",48,5,18.508099,4.2905,0.009334,924241.35,185080.99,2327174.30
RoundRobin,30,0.7,10.0,"(4000,)","(3.0,)",50,5,17.582311,4.3475,0.009132,877939.65,175823.11,2351800.92
RoundRobin,30,0.7,10.0,"(4000,)","(3.0,)",51,5,18.775215,4.2110,0.010498,937601.58,187752.15,2318320.14
RoundRobin,30,2.0,10.0,"(4000,)","(3.0,)",42,5,14.388526,4.5158,0.009971,718201.11,143885.26,2450430.85
RoundRobin,30,2.0,10.0,"(4000,)","(3.0,)",44,5,14.287085,4.3707,0.010137,713127.95,142870.85,2452605.25
RoundRobin,30,2.0,10.0,"(4000,)","(3.0,)",43,5,15.112871,4.3689,0.009558,754427.35,151128.71,2432413.25
RoundRobin,30,2.0,10.0,"(4000,)","(3.0,)",45,5,14.549689,4.4563,0.009210,726262.09,145496.89,2444762.79
RoundRobin,30,2.0,10.0,"(4000,)","(3.0,)",46,5,15.194238,4.3519,0.008781,758503.84,151942.38,2416166.90
RoundRobin,30,2.0,10.0,"(4000,)","(3.0,)",47,5,14.878830,4.4620,0.009050,742722.96,148788.30,2437139.02
RoundRobin,30,2.0,10.0,"(4000,)","(3.0,)",48,5,15.782092,4.4257,0.008973,787900.10,157820.92,2408955.88
RoundRobin,30,2.0,10.0,"(4000,)","(3.0,)",51,5,16.049163,4.3451,0.010506,801258.11,160491.63,2400102.59
RoundRobin,30,2.0,10.0,"(4000,)","(3.0,)",49,5,15.037453,4.3521,0.010542,750657.36,150374.53,2430565.54
RoundRobin,30,2.0,10.0,"(4000,)","(3.0,)",50,5,14.829334,4.4626,0.010252,740249.49,148293.34,2434388.41
RoundRobin,30,0.7,10.0,"(1000,)","(20.0,)",42,5,17.001476,2.4760,0.009227,849967.85,170014.76,211885.66
RoundRobin,30,0.7,10.0,"(1000,)","(20.0,)",43,5,17.256821,2.4456,0.009182,862738.75,172568.21,204598.18
RoundRobin,30,0.7,10.0,"(1000,)","(20.0,)",45,5,16.563889,2.5560,0.009209,828081.65,165638.89,225609.00
RoundRobin,30,0.7,10.0,"(1000,)","(20.0,)",44,5,16.866026,2.6141,0.009118,843193.99,168660.26,214605.69
RoundRobin,30,0.7,10.0,"(1000,)","(20.0,)",46,5,17.436596,2.4062,0.009519,871733.40,174365.96,192746.42
RoundRobin,30,0.7,10.0,"(1000,)","(20.0,)",47,5,16.619470,2.5429,0.008857,830862.03,166194.70,222985.62
RoundRobin,30,0.7,10.0,"(1000,)","(20.0,)",48,5,17.488487,2.4926,0.009064,874326.56,174884.87,195625.69
RoundRobin,30,0.7,10.0,"(1000,)","(20.0,)",50,5,16.838177,2.4573,0.010363,841801.40,168381.77,214943.34
RoundRobin,30,0.7,10.0,"(1000,)","(20.0,)",49,5,17.410268,2.5483,0.009527,870414.32,174102.68,198171.68
RoundRobin,30,0.7,10.0,"(1000,)","(20.0,)",51,5,17.830688,2.4644,0.009206,891441.87,178306.88,185005.88
RoundRobin,30,2.0,10.0,"(1000,)","(20.0,)",42,5,14.387682,2.9657,0.009894,719238.70,143876.82,290798.00
RoundRobin,30,2.0,10.0,"(1000,)","(20.0,)",43,5,14.878439,2.8157,0.009571,743784.21,148784.39,275439.99
RoundRobin,30,2.0,10.0,"(1000,)","(20.0,)",44,5,14.206371,2.9324,0.011969,710171.66,142063.71,293820.01
RoundRobin,30,2.0,10.0,"(1000,)","(20.0,)",46,5,15.026128,2.7222,0.009975,751174.20,150261.28,264402.89
RoundRobin,30,2.0,10.0,"(1000,)","(20.0,)",47,5,14.334456,2.8653,0.009344,716576.96,143344.56,291675.01
RoundRobin,30,2.0,10.0,"(1000,)","(20.0,)",45,5,14.053899,2.9296,0.010283,702544.48,140538.99,300970.73
RoundRobin,30,2.0,10.0,"(1000,)","(20.0,)",49,5,14.982303,2.8786,0.009995,748979.19,149823.03,271862.97
RoundRobin,30,2.0,10.0,"(1000,)","(20.0,)",50,5,14.391279,2.8856,0.009029,719420.21,143912.79,287520.72
RoundRobin,30,2.0,10.0,"(1000,)","(20.0,)",48,5,15.298403,2.8341,0.010515,764789.57,152984.03,261141.62
RoundRobin,30,2.0,10.0,"(1000,)","(20.0,)",51,5,15.559311,2.7669,0.009596,777838.92,155593.11,253293.79
RoundRobin,30,0.7,10.0,"(4000,)","(20.0,)",43,5,17.850624,4.2444,0.009534,891355.81,178506.24,2350742.73
RoundRobin,30,0.7,10.0,"(4000,)","(20.0,)",44,5,17.013174,4.2331,0.008826,849473.29,170131.74,2370822.47
RoundRobin,30,0.7,10.0,"(4000,)","(20.0,)",45,5,17.294150,4.3383,0.009353,863526.45,172941.50,2362060.58
RoundRobin,30,0.7,10.0,"(4000,)","(20.0,)",46,5,17.920355,4.2229,0.009957,894850.56,179203.55,2334383.22
RoundRobin,30,0.7,10.0,"(4000,)","(20.0,)",47,5,17.635348,4.3113,0.009945,880590.35,176353.48,2354137.97
RoundRobin,30,0.7,10.0,"(4000,)","(20.0,)",42,5,17.114142,4.3777,0.013786,854522.77,171141.42,2368667.10
RoundRobin,30,0.7,10.0,"(4000,)","(20.0,)",49,5,17.763522,4.2047,0.009170,887001.70,177635.22,2348782.87
RoundRobin,30,0.7,10.0,"(4000,)","(20.0,)",50,5,17.582239,4.3475,0.008966,877936.05,175822.39,2351802.57
RoundRobin,30,0.7,10.0,"(4000,)","(20.0,)",48,5,18.508095,4.2905,0.009530,924241.18,185080.95,2327174.35
RoundRobin,30,0.7,10.0,"(4000,)","(20.0,)",51,5,18.775258,4.2110,0.009308,937603.72,187752.58,2318319.16
RoundRobin,30,2.0,10.0,"(4000,)","(20.0,)",44,5,14.287080,4.3707,0.009927,713127.70,142870.80,2452605.32
RoundRobin,30,2.0,10.0,"(4000,)","(20.0,)",45,5,14.549677,4.4563,0.011136,726261.46,145496.77,2444763.11
RoundRobin,30,2.0,10.0,"(4000,)","(20.0,)",43,5,15.112896,4.3689,0.009700,754428.62,151128.96,2432412.65
RoundRobin,30,2.0,10.0,"(4000,)","(20.0,)",48,5,15.782088,4.4257,0.015081,787899.93,157820.88,2408955.93
RoundRobin,30,2.0,10.0,"(4000,)","(20.0,)",47,5,14.878765,4.4620,0.010812,742719.68,148787.65,2437140.58
RoundRobin,30,2.0,10.0,"(4000,)","(20.0,)",46,5,15.194220,4.3519,0.009470,758502.93,151942.20,2416167.20
RoundRobin,30,2.0,10.0,"(4000,)","(20.0,)",42,5,14.388503,4.5158,0.009751,718199.91,143885.03,2450431.39
RoundRobin,30,2.0,10.0,"(4000,)","(20.0,)",49,5,15.037415,4.3521,0.009580,750655.47,150374.15,2430566.42
RoundRobin,30,2.0,10.0,"(4000,)","(20.0,)",51,5,16.049206,4.3451,0.009644,801260.25,160492.06,2400101.62
RoundRobin,30,2.0,10.0,"(4000,)","(20.0,)",50,5,14.829262,4.4626,0.009421,740245.90,148292.62,2434390.05
RoundRobin,50,0.7,10.0,"(1000,)","(0.0,)",42,5,18.101800,3.0790,0.009573,904760.71,181018.00,658573.79
RoundRobin,50,0.7,10.0,"(1000,)","(0.0,)",44,5,17.746384,3.1190,0.009950,886983.75,177463.84,670855.01
RoundRobin,50,0.7,10.0,"(1000,)","(0.0,)",43,5,16.960208,3.1386,0.009624,847664.67,169602.08,691429.08
RoundRobin,50,0.7,10.0,"(1000,)","(0.0,)",45,5,17.781411,3.0984,0.009398,888735.32,177814.11,670417.52
RoundRobin,50,0.7,10.0,"(1000,)","(0.0,)",46,5,17.875112,3.0299,0.009185,893422.07,178751.12,667045.49
RoundRobin,50,0.7,10.0,"(1000,)","(0.0,)",47,5,17.836827,3.1398,0.010735,891506.43,178368.27,669786.64
RoundRobin,50,0.7,10.0,"(1000,)","(0.0,)",48,5,18.372369,3.0135,0.010409,918292.52,183723.69,651823.10
RoundRobin,50,0.7,10.0,"(1000,)","(0.0,)",49,5,17.673313,3.1556,0.010282,883328.47,176733.13,674322.12
RoundRobin,50,0.7,10.0,"(1000,)","(0.0,)",50,5,17.274628,3.1071,0.010541,863391.00,172746.28,680800.68
RoundRobin,50,0.7,10.0,"(1000,)","(0.0,)",51,5,17.336813,3.1366,0.009780,866501.36,173368.13,678601.10
RoundRobin,50,2.0,10.0,"(1000,)","(0.0,)",42,5,15.375848,3.4198,0.009945,768422.20,153758.48,740352.92
RoundRobin,50,2.0,10.0,"(1000,)","(0.0,)",43,5,14.234250,3.4794,0.009748,711325.89,142342.50,773206.65
RoundRobin,50,2.0,10.0,"(1000,)","(0.0,)",45,5,15.047209,3.4392,0.010662,751984.21,150472.09,752443.15
RoundRobin,50,2.0,10.0,"(1000,)","(0.0,)",44,5,14.988632,3.4598,0.009522,749055.05,149886.32,753114.72
RoundRobin,50,2.0,10.0,"(1000,)","(0.0,)",46,5,15.149048,3.3707,0.009965,757078.00,151490.48,748827.70
RoundRobin,50,2.0,10.0,"(1000,)","(0.0,)",47,5,15.110864,3.4806,0.009160,755167.41,151108.64,751566.68
RoundRobin,50,2.0,10.0,"(1000,)","(0.0,)",48,5,15.646355,3.3543,0.009204,781950.93,156463.55,733602.22
RoundRobin,50,2.0,10.0,"(1000,)","(0.0,)",50,5,14.548622,3.4479,0.009081,727049.79,145486.22,762578.93
RoundRobin,50,2.0,10.0,"(1000,)","(0.0,)",49,5,14.947320,3.4963,0.009755,746987.96,149473.20,756101.40
RoundRobin,50,2.0,10.0,"(1000,)","(0.0,)",51,5,14.610890,3.4773,0.009571,730164.32,146108.90,760379.39
RoundRobin,50,0.7,10.0,"(4000,)","(0.0,)",43,5,16.928168,4.5359,0.010006,844262.41,169281.68,4292003.26
RoundRobin,50,0.7,10.0,"(4000,)","(0.0,)",42,5,18.090249,4.5199,0.010231,902385.12,180902.49,4254682.13
RoundRobin,50,0.7,10.0,"(4000,)","(0.0,)",45,5,17.756020,4.5292,0.009343,885665.18,177560.20,4271678.49
RoundRobin,50,0.7,10.0,"(4000,)","(0.0,)",44,5,17.721667,4.5293,0.009371,883947.76,177216.67,4271180.40
RoundRobin,50,0.7,10.0,"(4000,)","(0.0,)",46,5,17.862931,4.5221,0.009229,891010.33,178629.31,4272403.13
RoundRobin,50,0.7,10.0,"(4000,)","(0.0,)",48,5,18.327630,4.5126,0.009413,914254.61,183276.30,4253795.34
RoundRobin,50,0.7,10.0,"(4000,)","(0.0,)",49,5,17.615123,4.5431,0.009724,878615.35,176151.23,4281619.73
RoundRobin,50,0.7,10.0,"(4000,)","(0.0,)",47,5,17.860754,4.5259,0.009462,890906.88,178607.54,4261691.82
RoundRobin,50,0.7,10.0,"(4000,)","(0.0,)",50,5,17.243212,4.5365,0.010245,860021.50,172432.12,4278209.80
RoundRobin,50,0.7,10.0,"(4000,)","(0.0,)",51,5,17.343590,4.5395,0.009694,865040.71,173435.90,4277608.57
RoundRobin,50,2.0,10.0,"(4000,)","(0.0,)",42,5,15.364310,4.6051,0.009052,766047.25,153643.10,4336459.36
RoundRobin,50,2.0,10.0,"(4000,)","(0.0,)",43,5,14.202335,4.6211,0.009382,707929.86,142023.35,4373778.73
RoundRobin,50,2.0,10.0,"(4000,)","(0.0,)",45,5,15.040853,4.6144,0.009464,749866.11,150408.53,4353132.82
RoundRobin,50,2.0,10.0,"(4000,)","(0.0,)",44,5,14.995662,4.6145,0.009096,747606.60,149956.62,4352961.35
RoundRobin,50,2.0,10.0,"(4000,)","(0.0,)",46,5,15.119359,4.6073,0.010071,753790.78,151193.59,4354360.85
RoundRobin,50,2.0,10.0,"(4000,)","(0.0,)",47,5,15.134688,4.6110,0.010620,754562.67,151346.88,4343473.43
RoundRobin,50,2.0,10.0,"(4000,)","(0.0,)",48,5,15.601636,4.5978,0.008884,777914.01,156016.36,4335574.11
RoundRobin,50,2.0,10.0,"(4000,)","(0.0,)",49,5,14.889154,4.6282,0.009020,742276.00,148891.54,4363397.64
RoundRobin,50,2.0,10.0,"(4000,)","(0.0,)",50,5,14.517250,4.6217,0.008953,723682.50,145172.50,4359986.54
RoundRobin,50,2.0,10.0,"(4000,)","(0.0,)",51,5,14.617761,4.6247,0.009552,728708.35,146177.61,4359384.73
RoundRobin,50,0.7,10.0,"(1000,)","(3.0,)",44,5,17.746381,3.1190,0.010301,886983.60,177463.81,670855.08
RoundRobin,50,0.7,10.0,"(1000,)","(3.0,)",42,5,18.101794,3.0790,0.010535,904760.42,181017.94,658573.92
RoundRobin,50,0.7,10.0,"(1000,)","(3.0,)",43,5,16.960213,3.1386,0.010670,847664.92,169602.13,691428.96
RoundRobin,50,0.7,10.0,"(1000,)","(3.0,)",45,5,17.781410,3.0984,0.010514,888735.29,177814.10,670417.54
RoundRobin,50,0.7,10.0,"(1000,)","(3.0,)",46,5,17.875107,3.0299,0.009238,893421.81,178751.07,667045.62
RoundRobin,50,0.7,10.0,"(1000,)","(3.0,)",47,5,17.836827,3.1398,0.010133,891506.45,178368.27,669786.63
RoundRobin,50,0.7,10.0,"(1000,)","(3.0,)",48,5,18.372362,3.0135,0.009788,918292.18,183723.62,651823.27
RoundRobin,50,0.7,10.0,"(1000,)","(3.0,)",49,5,17.673315,3.1556,0.010093,883328.59,176733.15,674322.07
RoundRobin,50,0.7,10.0,"(1000,)","(3.0,)",50,5,17.274630,3.1071,0.009256,863391.11,172746.30,680800.62
RoundRobin,50,2.0,10.0,"(1000,)","(3.0,)",42,5,15.375842,3.4198,0.010361,768421.91,153758.42,740353.05
RoundRobin,50,0.7,10.0,"(1000,)","(3.0,)",51,5,17.336819,3.1366,0.009853,866501.64,173368.19,678600.96
RoundRobin,50,2.0,10.0,"(1000,)","(3.0,)",43,5,14.234255,3.4794,0.010046,711326.14,142342.55,773206.53
RoundRobin,50,2.0,10.0,"(1000,)","(3.0,)",44,5,14.988630,3.4598,0.009675,749054.92,149886.30,753114.79
RoundRobin,50,2.0,10.0,"(1000,)","(3.0,)",45,5,15.047208,3.4392,0.009940,751984.18,150472.08,752443.17
RoundRobin,50,2.0,10.0,"(1000,)","(3.0,)",46,5,15.149043,3.3707,0.011960,757077.74,151490.43,748827.83
RoundRobin,50,2.0,10.0,"(1000,)","(3.0,)",48,5,15.646348,3.3543,0.022494,781950.58,156463.48,733602.38
RoundRobin,50,2.0,10.0,"(1000,)","(3.0,)",47,5,15.110864,3.4806,0.011758,755167.42,151108.64,751566.68
RoundRobin,50,2.0,10.0,"(1000,)","(3.0,)",49,5,14.947323,3.4963,0.011722,746988.08,149473.23,756101.34
RoundRobin,50,2.0,10.0,"(1000,)","(3.0,)",51,5,14.610896,3.4773,0.010574,730164.60,146108.96,760379.25
RoundRobin,50,2.0,10.0,"(1000,)","(3.0,)",50,5,14.548624,3.4479,0.010721,727049.90,145486.24,762578.87
RoundRobin,50,0.7,10.0,"(4000,)","(3.0,)",42,5,18.090243,4.5199,0.016656,902384.81,180902.43,4254682.27
RoundRobin,50,0.7,10.0,"(4000,)","(3.0,)",44,5,17.721665,4.5293,0.011930,883947.64,177216.65,4271180.46
RoundRobin,50,0.7,10.0,"(4000,)","(3.0,)",46,5,17.862925,4.5221,0.043748,891010.05,178629.25,4272403.26
RoundRobin,50,0.7,10.0,"(4000,)","(3.0,)",47,5,17.860756,4.5259,0.011927,890906.94,178607.56,4261691.80
RoundRobin,50,0.7,10.0,"(4000,)","(3.0,)",45,5,17.756019,4.5292,0.081567,885665.13,177560.19,4271678.51
RoundRobin,50,0.7,10.0,"(4000,)","(3.0,)",48,5,18.327622,4.5126,0.011104,914254.21,183276.22,4253795.52
RoundRobin,50,0.7,10.0,"(4000,)","(3.0,)",43,5,16.928174,4.5359,0.162403,844262.72,169281.74,4292003.12
RoundRobin,50,0.7,10.0,"(4000,)","(3.0,)",49,5,17.615125,4.5431,0.009796,878615.43,176151.25,4281619.69
RoundRobin,50,0.7,10.0,"(4000,)","(3.0,)",50,5,17.243213,4.5365,0.010068,860021.54,172432.13,4278209.78
RoundRobin,50,2.0,10.0,"(4000,)","(3.0,)",43,5,14.202341,4.6211,0.009977,707930.17,142023.41,4373778.59
RoundRobin,50,2.0,10.0,"(4000,)","(3.0,)",44,5,14.995659,4.6145,0.011338,747606.48,149956.59,4352961.42
RoundRobin,50,2.0,10.0,"(4000,)","(3.0,)",42,5,15.364303,4.6051,0.009939,766046.94,153643.03,4336459.50
RoundRobin,50,2.0,10.0,"(4000,)","(3.0,)",45,5,15.040852,4.6144,0.010519,749866.05,150408.52,4353132.85
RoundRobin,50,2.0,10.0,"(4000,)","(3.0,)",46,5,15.119354,4.6073,0.009831,753790.50,151193.54,4354360.98
RoundRobin,50,2.0,10.0,"(4000,)","(3.0,)",47,5,15.134689,4.6110,0.010570,754562.73,151346.89,4343473.40
RoundRobin,50,2.0,10.0,"(4000,)","(3.0,)",48,5,15.601628,4.5978,0.011847,777913.61,156016.28,4335574.30
RoundRobin,50,2.0,10.0,"(4000,)","(3.0,)",49,5,14.889156,4.6282,0.016154,742276.08,148891.56,4363397.60
RoundRobin,50,2.0,10.0,"(4000,)","(3.0,)",50,5,14.517251,4.6217,0.015972,723682.54,145172.51,4359986.51
RoundRobin,50,2.0,10.0,"(4000,)","(3.0,)",51,5,14.617767,4.6247,0.011270,728708.68,146177.67,4359384.57
RoundRobin,50,0.7,10.0,"(1000,)","(20.0,)",42,5,18.101762,3.0790,0.010065,904758.79,181017.62,658574.65
RoundRobin,50,0.7,10.0,"(1000,)","(20.0,)",44,5,17.746364,3.1190,0.009900,886982.78,177463.64,670855.49
RoundRobin,50,0.7,10.0,"(1000,)","(20.0,)",43,5,16.960241,3.1386,0.015345,847666.35,169602.41,691428.27
RoundRobin,50,0.7,10.0,"(4000,)","(3.0,)",51,5,17.343597,4.5395,0.011969,865041.05,173435.97,4277608.41
RoundRobin,50,0.7,10.0,"(1000,)","(20.0,)",45,5,17.781406,3.0984,0.010754,888735.10,177814.06,670417.63
RoundRobin,50,0.7,10.0,"(1000,)","(20.0,)",47,5,17.836828,3.1398,0.009929,891506.53,178368.28,669786.59
RoundRobin,50,0.7,10.0,"(1000,)","(20.0,)",48,5,18.372322,3.0135,0.009438,918290.20,183723.22,651824.21
RoundRobin,50,0.7,10.0,"(1000,)","(20.0,)",46,5,17.875077,3.0299,0.009364,893420.34,178750.77,667046.33
RoundRobin,50,0.7,10.0,"(1000,)","(20.0,)",49,5,17.673329,3.1556,0.009168,883329.28,176733.29,674321.76
RoundRobin,50,0.7,10.0,"(1000,)","(20.0,)",50,5,17.274643,3.1072,0.009315,863391.73,172746.43,680800.30
RoundRobin,50,0.7,10.0,"(1000,)","(20.0,)",51,5,17.336850,3.1365,0.010056,866503.21,173368.50,678600.17
RoundRobin,50,2.0,10.0,"(1000,)","(20.0,)",44,5,14.988615,3.4598,0.009778,749054.17,149886.15,753115.18
RoundRobin,50,2.0,10.0,"(1000,)","(20.0,)",43,5,14.234283,3.4794,0.010170,711327.56,142342.83,773205.84
RoundRobin,50,2.0,10.0,"(1000,)","(20.0,)",42,5,15.375809,3.4198,0.581096,768420.28,153758.09,740353.78
RoundRobin,50,2.0,10.0,"(1000,)","(20.0,)",45,5,15.047205,3.4392,0.009275,751984.01,150472.05,752443.25
RoundRobin,50,2.0,10.0,"(1000,)","(20.0,)",46,5,15.149014,3.3707,0.008950,757076.27,151490.14,748828.54
RoundRobin,50,2.0,10.0,"(1000,)","(20.0,)",47,5,15.110866,3.4806,0.008971,755167.50,151108.66,751566.63
RoundRobin,50,2.0,10.0,"(1000,)","(20.0,)",49,5,14.947336,3.4963,0.009023,746988.77,149473.36,756101.03
RoundRobin,50,2.0,10.0,"(1000,)","(20.0,)",48,5,15.646308,3.3543,0.008735,781948.60,156463.08,733603.33
RoundRobin,50,2.0,10.0,"(1000,)","(20.0,)",50,5,14.548636,3.4479,0.010478,727050.51,145486.36,762578.55
RoundRobin,50,0.7,10.0,"(4000,)","(20.0,)",42,5,18.090208,4.5199,0.010349,902383.07,180902.08,4254683.05
RoundRobin,50,2.0,10.0,"(1000,)","(20.0,)",51,5,14.610927,3.4773,0.010154,730166.17,146109.27,760378.46
RoundRobin,50,0.7,10.0,"(4000,)","(20.0,)",43,5,16.928209,4.5359,0.009039,844264.45,169282.09,4292002.34
RoundRobin,50,0.7,10.0,"(4000,)","(20.0,)",45,5,17.756013,4.5292,0.009119,885664.81,177560.13,4271678.65
RoundRobin,50,0.7,10.0,"(4000,)","(20.0,)",44,5,17.721651,4.5293,0.009050,883946.95,177216.51,4271180.83
RoundRobin,50,0.7,10.0,"(4000,)","(20.0,)",46,5,17.862894,4.5221,0.009471,891008.49,178628.94,4272404.01
RoundRobin,50,0.7,10.0,"(4000,)","(20.0,)",48,5,18.327577,4.5126,0.010636,914251.94,183275.77,4253796.55
RoundRobin,50,0.7,10.0,"(4000,)","(20.0,)",49,5,17.615134,4.5431,0.010145,878615.88,176151.34,4281619.47
RoundRobin,50,0.7,10.0,"(4000,)","(20.0,)",47,5,17.860763,4.5259,0.010103,890907.32,178607.63,4261691.63
RoundRobin,50,0.7,10.0,"(4000,)","(20.0,)",51,5,17.343635,4.5395,0.009650,865042.93,173436.35,4277607.51
RoundRobin,50,0.7,10.0,"(4000,)","(20.0,)",50,5,17.243217,4.5365,0.010199,860021.76,172432.17,4278209.63
RoundRobin,50,2.0,10.0,"(4000,)","(20.0,)",43,5,14.202376,4.6211,0.010055,707931.90,142023.76,4373777.81
RoundRobin,50,2.0,10.0,"(4000,)","(20.0,)",44,5,14.995646,4.6145,0.009619,747605.80,149956.46,4352961.78
RoundRobin,50,2.0,10.0,"(4000,)","(20.0,)",42,5,15.364269,4.6051,0.010342,766045.20,153642.69,4336460.29
RoundRobin,50,2.0,10.0,"(4000,)","(20.0,)",45,5,15.040846,4.6144,0.013721,749865.73,150408.46,4353132.99
RoundRobin,50,2.0,10.0,"(4000,)","(20.0,)",46,5,15.119323,4.6073,0.011365,753788.95,151193.23,4354361.72
RoundRobin,50,2.0,10.0,"(4000,)","(20.0,)",47,5,15.134697,4.6110,0.009766,754563.11,151346.97,4343473.23
RoundRobin,50,2.0,10.0,"(4000,)","(20.0,)",48,5,15.601583,4.5978,0.010392,777911.34,156015.83,4335575.33
RoundRobin,50,2.0,10.0,"(4000,)","(20.0,)",50,5,14.517255,4.6217,0.009630,723682.76,145172.55,4359986.36
RoundRobin,50,2.0,10.0,"(4000,)","(20.0,)",51,5,14.617805,4.6247,0.009812,728710.56,146178.05,4359383.67
RoundRobin,50,2.0,10.0,"(4000,)","(20.0,)",49,5,14.889165,4.6282,0.009427,742276.53,148891.65,4363397.37
ProportionalFair,10,0.7,10.0,"(1000,)","(0.0,)",42,5,4.388969,4.1102,0.162754,219394.31,43889.69,108233.81
ProportionalFair,10,0.7,10.0,"(1000,)","(0.0,)",43,5,1.613920,5.0031,0.161347,80598.11,16139.20,195783.35
ProportionalFair,10,0.7,10.0,"(1000,)","(0.0,)",45,5,1.575520,4.9635,0.183417,78680.24,15755.20,191518.22
ProportionalFair,10,0.7,10.0,"(1000,)","(0.0,)",46,5,1.877527,5.0461,0.197336,93784.80,18775.27,183113.36
ProportionalFair,10,0.7,10.0,"(1000,)","(0.0,)",44,5,0.883882,5.0008,0.158690,44087.62,8838.82,212994.35
ProportionalFair,10,0.7,10.0,"(1000,)","(0.0,)",47,5,4.880526,3.9264,0.316044,243976.38,48805.26,99862.08
ProportionalFair,10,0.7,10.0,"(1000,)","(0.0,)",48,5,0.863028,5.0225,0.154219,43045.41,8630.28,211963.56
ProportionalFair,10,0.7,10.0,"(1000,)","(0.0,)",49,5,2.502827,5.0092,0.291669,125057.60,25028.27,167544.16
ProportionalFair,10,0.7,10.0,"(1000,)","(0.0,)",51,5,1.860402,5.0231,0.171321,92928.07,18604.02,184051.91
ProportionalFair,10,0.7,10.0,"(1000,)","(0.0,)",50,5,0.876898,5.0038,0.212004,43738.23,8768.98,213358.65
ProportionalFair,10,2.0,10.0,"(1000,)","(0.0,)",43,5,1.597651,5.0031,0.156356,79784.25,15976.51,196562.08
ProportionalFair,10,2.0,10.0,"(1000,)","(0.0,)",45,5,1.575520,4.9635,0.177774,78680.02,15755.20,191954.42
ProportionalFair,10,2.0,10.0,"(1000,)","(0.0,)",44,5,0.872978,5.0008,0.158273,43542.29,8729.78,213212.44
ProportionalFair,10,2.0,10.0,"(1000,)","(0.0,)",46,5,1.844812,5.0461,0.184767,92148.68,18448.12,183876.70
ProportionalFair,10,2.0,10.0,"(1000,)","(0.0,)",48,5,0.852123,5.0225,0.215507,42500.01,8521.23,212290.71
ProportionalFair,10,2.0,10.0,"(1000,)","(0.0,)",42,5,4.233776,4.1155,0.183566,211632.19,42337.76,113239.01
ProportionalFair,10,2.0,10.0,"(1000,)","(0.0,)",47,5,4.570373,4.2174,0.168743,228464.19,45703.73,108896.47
ProportionalFair,10,2.0,10.0,"(1000,)","(0.0,)",49,5,2.463921,5.0092,0.156385,123111.98,24639.21,168151.32
ProportionalFair,10,2.0,10.0,"(1000,)","(0.0,)",51,5,1.816783,5.0231,0.179796,90746.34,18167.83,185578.58
ProportionalFair,10,0.7,10.0,"(4000,)","(0.0,)",42,5,11.173275,4.6148,0.153605,558349.00,111732.75,629461.50
ProportionalFair,10,0.7,10.0,"(4000,)","(0.0,)",43,5,5.564151,5.0071,0.192001,277803.97,55641.51,807127.97
ProportionalFair,10,0.7,10.0,"(4000,)","(0.0,)",45,5,6.351040,4.9818,0.168486,317152.92,63510.40,798159.72
ProportionalFair,10,0.7,10.0,"(4000,)","(0.0,)",44,5,3.307722,4.9928,0.156991,164956.42,33077.22,859391.15
ProportionalFair,10,2.0,10.0,"(1000,)","(0.0,)",50,5,0.865993,5.0038,0.157131,43192.82,8659.93,213685.80
ProportionalFair,10,0.7,10.0,"(4000,)","(0.0,)",46,5,5.851876,5.0231,0.159218,292206.67,58518.76,774250.20
ProportionalFair,10,0.7,10.0,"(4000,)","(0.0,)",47,5,11.148118,4.6244,0.259516,557082.71,111481.18,646362.52
ProportionalFair,10,0.7,10.0,"(4000,)","(0.0,)",48,5,3.255668,5.0067,0.164901,162354.36,32556.68,858070.76
ProportionalFair,10,0.7,10.0,"(4000,)","(0.0,)",49,5,7.444743,5.0045,0.157266,371877.36,74447.43,719600.60
ProportionalFair,10,0.7,10.0,"(4000,)","(0.0,)",50,5,3.280898,5.0156,0.153369,163614.21,32808.98,861409.85
ProportionalFair,10,0.7,10.0,"(4000,)","(0.0,)",51,5,5.862657,5.0112,0.196150,292740.66,58626.57,784363.08
ProportionalFair,10,2.0,10.0,"(4000,)","(0.0,)",43,5,5.313337,5.0071,0.190043,265260.36,53133.37,813016.63
ProportionalFair,10,2.0,10.0,"(4000,)","(0.0,)",42,5,10.009283,4.6889,0.183175,500131.55,100092.83,665253.69
ProportionalFair,10,2.0,10.0,"(4000,)","(0.0,)",46,5,5.690607,5.0231,0.157557,284140.97,56906.07,778738.08
ProportionalFair,10,2.0,10.0,"(4000,)","(0.0,)",47,5,10.167554,4.7370,0.154480,508042.81,101675.54,669781.75
ProportionalFair,10,2.0,10.0,"(4000,)","(0.0,)",45,5,6.351040,4.9818,0.216342,317151.28,63510.40,801431.20
ProportionalFair,10,2.0,10.0,"(4000,)","(0.0,)",44,5,3.296818,4.9928,0.154200,164411.09,32968.18,859609.24
ProportionalFair,10,2.0,10.0,"(4000,)","(0.0,)",50,5,3.269993,5.0156,0.201594,163068.80,32699.93,861737.00
ProportionalFair,10,2.0,10.0,"(4000,)","(0.0,)",49,5,7.226645,5.0045,0.442423,360969.59,72266.45,725310.33
ProportionalFair,10,2.0,10.0,"(4000,)","(0.0,)",51,5,5.600939,5.0112,0.155025,279651.67,56009.39,790578.87
ProportionalFair,10,2.0,10.0,"(4000,)","(0.0,)",48,5,3.244763,5.0067,0.159496,161808.95,32447.63,858397.91
ProportionalFair,10,0.7,10.0,"(1000,)","(3.0,)",42,5,4.388969,4.1102,0.155707,219394.33,43889.69,108233.81
ProportionalFair,10,0.7,10.0,"(1000,)","(3.0,)",44,5,0.883883,5.0008,0.163472,44087.63,8838.83,212994.35
ProportionalFair,10,0.7,10.0,"(1000,)","(3.0,)",45,5,1.575520,4.9635,0.183876,78680.24,15755.20,191518.22
ProportionalFair,10,0.7,10.0,"(1000,)","(3.0,)",43,5,1.613920,5.0031,0.154271,80598.11,16139.20,195783.34
ProportionalFair,10,0.7,10.0,"(1000,)","(3.0,)",46,5,1.877527,5.0461,0.189872,93784.81,18775.27,183113.36
ProportionalFair,10,0.7,10.0,"(1000,)","(3.0,)",47,5,4.815970,4.1424,0.166025,240747.60,48159.70,101798.75
ProportionalFair,10,0.7,10.0,"(1000,)","(3.0,)",48,5,0.863028,5.0225,0.166933,43045.42,8630.28,211963.56
ProportionalFair,10,0.7,10.0,"(1000,)","(3.0,)",49,5,2.502827,5.0092,0.153883,125057.59,25028.27,167544.16
ProportionalFair,10,0.7,10.0,"(1000,)","(3.0,)",50,5,0.876898,5.0038,0.154940,43738.22,8768.98,213358.66
ProportionalFair,10,0.7,10.0,"(1000,)","(3.0,)",51,5,1.860402,5.0231,0.161976,92928.07,18604.02,184051.90
ProportionalFair,10,2.0,10.0,"(1000,)","(3.0,)",43,5,1.597652,5.0031,0.182171,79784.31,15976.52,196562.06
ProportionalFair,10,2.0,10.0,"(1000,)","(3.0,)",44,5,0.872978,5.0008,0.329805,43542.29,8729.78,213212.44
ProportionalFair,10,2.0,10.0,"(1000,)","(3.0,)",45,5,1.575520,4.9635,0.158489,78680.02,15755.20,191954.42
ProportionalFair,10,2.0,10.0,"(1000,)","(3.0,)",46,5,1.844813,5.0461,0.154290,92148.69,18448.13,183876.71
ProportionalFair,10,2.0,10.0,"(1000,)","(3.0,)",47,5,4.570371,4.2174,0.193319,228464.12,45703.71,108896.50
ProportionalFair,10,2.0,10.0,"(1000,)","(3.0,)",48,5,0.852123,5.0225,0.226870,42500.01,8521.23,212290.70
ProportionalFair,10,2.0,10.0,"(1000,)","(3.0,)",42,5,4.233777,4.1155,1.746795,211632.22,42337.77,113239.00
ProportionalFair,10,2.0,10.0,"(1000,)","(3.0,)",49,5,2.463920,5.0092,0.155338,123111.92,24639.20,168151.33
ProportionalFair,10,2.0,10.0,"(1000,)","(3.0,)",51,5,1.816783,5.0231,0.174937,90746.35,18167.83,185578.58
ProportionalFair,10,2.0,10.0,"(1000,)","(3.0,)",50,5,0.865993,5.0038,0.191089,43192.81,8659.93,213685.81
ProportionalFair,10,0.7,10.0,"(4000,)","(3.0,)",43,5,5.564153,5.0071,0.165452,277804.08,55641.53,807127.93
ProportionalFair,10,0.7,10.0,"(4000,)","(3.0,)",42,5,11.173272,4.6148,0.209408,558348.85,111732.72,629461.62
ProportionalFair,10,0.7,10.0,"(4000,)","(3.0,)",46,5,5.851880,5.0231,0.169087,292206.90,58518.80,774250.13
ProportionalFair,10,0.7,10.0,"(4000,)","(3.0,)",45,5,6.351040,4.9818,0.181773,317152.92,63510.40,798159.71
ProportionalFair,10,0.7,10.0,"(4000,)","(3.0,)",47,5,11.083564,4.6799,0.170061,553854.04,110835.64,648299.16
ProportionalFair,10,0.7,10.0,"(4000,)","(3.0,)",44,5,3.307723,4.9928,0.153547,164956.43,33077.23,859391.15
ProportionalFair,10,0.7,10.0,"(4000,)","(3.0,)",49,5,7.444737,5.0045,0.157720,371877.04,74447.37,719600.75
ProportionalFair,10,0.7,10.0,"(4000,)","(3.0,)",48,5,3.255668,5.0067,0.163255,162354.37,32556.68,858070.76
ProportionalFair,10,0.7,10.0,"(4000,)","(3.0,)",51,5,5.862652,5.0112,0.188998,292740.40,58626.52,784363.19
ProportionalFair,10,2.0,10.0,"(4000,)","(3.0,)",42,5,10.009284,4.6889,0.154307,500131.57,100092.84,665253.71
ProportionalFair,10,0.7,10.0,"(4000,)","(3.0,)",50,5,3.280898,5.0156,0.156296,163614.19,32808.98,861409.86
ProportionalFair,10,2.0,10.0,"(4000,)","(3.0,)",43,5,5.313339,5.0071,0.226493,265260.47,53133.39,813016.59
ProportionalFair,10,2.0,10.0,"(4000,)","(3.0,)",44,5,3.296818,4.9928,0.175143,164411.09,32968.18,859609.24
ProportionalFair,10,2.0,10.0,"(4000,)","(3.0,)",45,5,6.351040,4.9818,0.179728,317151.28,63510.40,801431.19
ProportionalFair,10,2.0,10.0,"(4000,)","(3.0,)",47,5,10.167555,4.7370,0.188745,508042.87,101675.55,669781.74
ProportionalFair,10,2.0,10.0,"(4000,)","(3.0,)",46,5,5.690614,5.0231,0.452787,284141.32,56906.14,778737.91
ProportionalFair,10,2.0,10.0,"(4000,)","(3.0,)",48,5,3.244763,5.0067,0.214994,161808.96,32447.63,858397.90
ProportionalFair,10,2.0,10.0,"(4000,)","(3.0,)",49,5,7.226638,5.0045,0.158951,360969.27,72266.38,725310.50
ProportionalFair,10,2.0,10.0,"(4000,)","(3.0,)",50,5,3.269993,5.0156,0.156187,163068.78,32699.93,861737.01
ProportionalFair,10,2.0,10.0,"(4000,)","(3.0,)",51,5,5.600934,5.0112,0.156214,279651.41,56009.34,790578.98
ProportionalFair,10,0.7,10.0,"(1000,)","(20.0,)",43,5,1.613920,5.0031,0.192219,80598.11,16139.20,195783.31
ProportionalFair,10,0.7,10.0,"(1000,)","(20.0,)",42,5,4.388972,4.1102,0.374124,219394.47,43889.72,108233.78
ProportionalFair,10,0.7,10.0,"(1000,)","(20.0,)",44,5,0.883883,5.0008,0.153077,44087.66,8838.83,212994.34
ProportionalFair,10,0.7,10.0,"(1000,)","(20.0,)",45,5,1.575520,4.9635,0.155759,78680.24,15755.20,191518.22
ProportionalFair,10,0.7,10.0,"(1000,)","(20.0,)",46,5,1.877529,5.0461,0.189682,93784.89,18775.29,183113.40
ProportionalFair,10,0.7,10.0,"(1000,)","(20.0,)",47,5,4.815964,4.1424,0.173845,240747.28,48159.64,101798.87
ProportionalFair,10,0.7,10.0,"(1000,)","(20.0,)",49,5,2.502826,5.0092,0.169204,125057.54,25028.26,167544.15
ProportionalFair,10,0.7,10.0,"(1000,)","(20.0,)",51,5,1.860403,5.0231,0.186647,92928.11,18604.03,184051.88
ProportionalFair,10,0.7,10.0,"(1000,)","(20.0,)",50,5,0.876896,5.0038,0.185035,43738.14,8768.96,213358.71
ProportionalFair,10,0.7,10.0,"(1000,)","(20.0,)",48,5,0.863029,5.0225,0.188190,43045.46,8630.29,211963.54
ProportionalFair,10,2.0,10.0,"(1000,)","(20.0,)",42,5,4.233779,4.1155,0.165627,211632.34,42337.79,113238.98
ProportionalFair,10,2.0,10.0,"(1000,)","(20.0,)",43,5,1.597658,5.0031,0.153838,79784.63,15976.58,196561.95
ProportionalFair,10,2.0,10.0,"(1000,)","(20.0,)",44,5,0.872979,5.0008,0.152372,43542.32,8729.79,213212.43
ProportionalFair,10,2.0,10.0,"(1000,)","(20.0,)",45,5,1.575520,4.9635,0.151576,78680.02,15755.20,191954.41
ProportionalFair,10,2.0,10.0,"(1000,)","(20.0,)",46,5,1.844814,5.0461,0.154626,92148.77,18448.14,183876.74
ProportionalFair,10,2.0,10.0,"(1000,)","(20.0,)",47,5,4.570363,4.2174,0.192179,228463.73,45703.63,108896.68
ProportionalFair,10,2.0,10.0,"(1000,)","(20.0,)",49,5,2.463914,5.0092,0.182508,123111.61,24639.14,168151.38
ProportionalFair,10,2.0,10.0,"(1000,)","(20.0,)",48,5,0.852124,5.0225,0.656323,42500.05,8521.24,212290.68
ProportionalFair,10,2.0,10.0,"(1000,)","(20.0,)",51,5,1.816784,5.0231,0.164366,90746.39,18167.84,185578.55
ProportionalFair,10,2.0,10.0,"(1000,)","(20.0,)",50,5,0.865991,5.0038,0.188466,43192.73,8659.91,213685.86
ProportionalFair,10,0.7,10.0,"(4000,)","(20.0,)",42,5,11.173254,4.6148,0.181365,558347.97,111732.54,629462.34
ProportionalFair,10,0.7,10.0,"(4000,)","(20.0,)",44,5,3.307723,4.9928,0.154854,164956.46,33077.23,859391.14
ProportionalFair,10,0.7,10.0,"(4000,)","(20.0,)",43,5,5.564165,5.0071,0.167744,277804.70,55641.65,807127.68
ProportionalFair,10,0.7,10.0,"(4000,)","(20.0,)",45,5,6.351040,4.9818,0.160859,317152.92,63510.40,798159.68
ProportionalFair,10,0.7,10.0,"(4000,)","(20.0,)",46,5,5.851906,5.0231,0.199786,292208.17,58519.06,774249.72
ProportionalFair,10,0.7,10.0,"(4000,)","(20.0,)",47,5,11.083570,4.6799,0.154461,553854.33,110835.70,648299.10
ProportionalFair,10,0.7,10.0,"(4000,)","(20.0,)",48,5,3.255669,5.0067,0.191699,162354.41,32556.69,858070.74
ProportionalFair,10,0.7,10.0,"(4000,)","(20.0,)",49,5,7.444700,5.0045,0.158232,371875.21,74447.00,719601.62
ProportionalFair,10,0.7,10.0,"(4000,)","(20.0,)",50,5,3.280896,5.0156,0.199404,163614.11,32808.96,861409.91
ProportionalFair,10,2.0,10.0,"(4000,)","(20.0,)",42,5,10.009286,4.6889,0.193944,500131.70,100092.86,665253.82
ProportionalFair,10,0.7,10.0,"(4000,)","(20.0,)",51,5,5.862622,5.0112,0.153454,292738.93,58626.22,784363.79
ProportionalFair,10,2.0,10.0,"(4000,)","(20.0,)",44,5,3.296819,4.9928,0.164151,164411.12,32968.19,859609.23
ProportionalFair,10,2.0,10.0,"(4000,)","(20.0,)",43,5,5.313352,5.0071,0.156928,265261.09,53133.52,813016.34
ProportionalFair,10,2.0,10.0,"(4000,)","(20.0,)",45,5,6.351040,4.9818,0.154454,317151.28,63510.40,801431.16
ProportionalFair,10,2.0,10.0,"(4000,)","(20.0,)",46,5,5.690653,5.0231,0.153795,284143.29,56906.53,778736.94
ProportionalFair,10,2.0,10.0,"(4000,)","(20.0,)",47,5,10.167561,4.7370,0.152993,508043.16,101675.61,669781.68
ProportionalFair,10,2.0,10.0,"(4000,)","(20.0,)",48,5,3.244764,5.0067,0.154512,161809.00,32447.64,858397.88
ProportionalFair,10,2.0,10.0,"(4000,)","(20.0,)",49,5,7.226602,5.0045,0.175318,360967.44,72266.02,725311.47
ProportionalFair,10,2.0,10.0,"(4000,)","(20.0,)",51,5,5.600905,5.0112,0.200584,279649.94,56009.05,790579.59
ProportionalFair,30,0.7,10.0,"(1000,)","(0.0,)",43,5,2.126575,5.0713,0.169238,105993.04,21265.75,671408.07
ProportionalFair,30,0.7,10.0,"(1000,)","(0.0,)",42,5,2.110495,5.0359,0.196197,105198.86,21104.95,651809.75
ProportionalFair,30,0.7,10.0,"(1000,)","(0.0,)",45,5,1.616480,5.0487,0.175340,80487.93,16164.80,672133.66
ProportionalFair,30,0.7,10.0,"(1000,)","(0.0,)",44,5,7.090506,4.9958,0.182502,354274.09,70905.06,502451.67
ProportionalFair,10,2.0,10.0,"(4000,)","(20.0,)",50,5,3.269991,5.0156,0.160311,163068.70,32699.91,861737.06
ProportionalFair,30,0.7,10.0,"(1000,)","(0.0,)",46,5,4.276373,4.9978,0.161270,213522.93,42763.73,591431.03
ProportionalFair,30,0.7,10.0,"(1000,)","(0.0,)",48,5,2.568259,5.0462,0.614464,128091.08,25682.59,643690.54
ProportionalFair,30,0.7,10.0,"(1000,)","(0.0,)",49,5,2.979243,5.0565,0.180811,148648.41,29792.43,627516.14
ProportionalFair,30,0.7,10.0,"(1000,)","(0.0,)",50,5,2.255446,5.0448,0.162288,112444.57,22554.46,655461.40
ProportionalFair,30,0.7,10.0,"(1000,)","(0.0,)",47,5,3.320666,5.0529,0.175804,165719.87,33206.66,626889.73
ProportionalFair,30,0.7,10.0,"(1000,)","(0.0,)",51,5,2.203326,5.0313,0.156048,109838.42,22033.26,655757.05
ProportionalFair,30,2.0,10.0,"(1000,)","(0.0,)",43,5,2.061145,5.0713,0.176830,102721.18,20611.45,672171.41
ProportionalFair,30,2.0,10.0,"(1000,)","(0.0,)",44,5,6.771562,4.9958,0.168325,338322.21,67715.62,511820.03
ProportionalFair,30,2.0,10.0,"(1000,)","(0.0,)",42,5,2.055971,5.0359,0.551395,102471.78,20559.71,653533.83
ProportionalFair,30,2.0,10.0,"(1000,)","(0.0,)",45,5,1.616480,5.0487,0.260330,80487.88,16164.80,672242.71
ProportionalFair,30,2.0,10.0,"(1000,)","(0.0,)",47,5,3.266142,5.0529,0.203846,162992.93,32661.42,628307.37
ProportionalFair,30,2.0,10.0,"(1000,)","(0.0,)",46,5,4.178229,4.9978,0.555455,208614.24,41782.29,594375.36
ProportionalFair,30,2.0,10.0,"(1000,)","(0.0,)",48,5,2.502829,5.0462,0.156624,124818.68,25028.29,645544.37
ProportionalFair,30,2.0,10.0,"(1000,)","(0.0,)",49,5,2.869163,5.0565,0.154346,143142.84,28691.63,630621.07
ProportionalFair,30,2.0,10.0,"(1000,)","(0.0,)",50,5,2.233636,5.0448,0.152811,111353.70,22336.36,656224.75
ProportionalFair,30,2.0,10.0,"(1000,)","(0.0,)",51,5,2.192421,5.0313,0.157686,109293.01,21924.21,656084.20
ProportionalFair,30,0.7,10.0,"(4000,)","(0.0,)",42,5,4.778240,5.0137,0.158884,237546.10,47782.40,2731782.50
ProportionalFair,30,0.7,10.0,"(4000,)","(0.0,)",43,5,6.350473,5.0337,0.204875,316172.97,63504.73,2701388.95
ProportionalFair,30,0.7,10.0,"(4000,)","(0.0,)",46,5,12.985347,4.9993,0.157900,648010.40,129853.47,2513938.65
ProportionalFair,30,0.7,10.0,"(4000,)","(0.0,)",45,5,6.407040,5.0070,0.166854,319004.38,64070.40,2695239.82
ProportionalFair,30,0.7,10.0,"(4000,)","(0.0,)",47,5,6.996112,5.0262,0.211099,348471.50,69961.12,2668166.30
ProportionalFair,30,0.7,10.0,"(4000,)","(0.0,)",44,5,13.416139,5.0023,0.274040,669573.59,134161.39,2466686.04
ProportionalFair,30,0.7,10.0,"(4000,)","(0.0,)",48,5,8.346787,5.0290,0.168779,416019.09,83467.87,2640480.56
ProportionalFair,30,0.7,10.0,"(4000,)","(0.0,)",49,5,8.917754,5.0281,0.190601,444585.83,89177.54,2603742.09
ProportionalFair,30,0.7,10.0,"(4000,)","(0.0,)",51,5,10.304469,5.0179,0.173348,513908.86,103044.69,2629190.29
ProportionalFair,30,0.7,10.0,"(4000,)","(0.0,)",50,5,7.407005,5.0225,0.161769,369004.22,74070.05,2692042.88
ProportionalFair,30,2.0,10.0,"(4000,)","(0.0,)",42,5,4.571046,5.0137,0.178611,227183.05,45710.46,2738543.55
ProportionalFair,30,2.0,10.0,"(4000,)","(0.0,)",43,5,6.088755,5.0337,0.162513,303084.00,60887.55,2707495.71
ProportionalFair,30,2.0,10.0,"(4000,)","(0.0,)",44,5,12.108083,5.0023,0.182892,604150.30,121080.83,2507667.21
ProportionalFair,30,2.0,10.0,"(4000,)","(0.0,)",45,5,6.407040,5.0070,0.157699,319004.22,64070.40,2695566.97
ProportionalFair,30,2.0,10.0,"(4000,)","(0.0,)",46,5,12.385577,4.9993,0.161821,618013.26,123855.77,2531168.43
ProportionalFair,30,2.0,10.0,"(4000,)","(0.0,)",47,5,6.919777,5.0262,0.177480,344653.30,69197.77,2671110.63
ProportionalFair,30,2.0,10.0,"(4000,)","(0.0,)",48,5,7.868000,5.0290,0.158474,392072.07,78680.00,2655846.20
ProportionalFair,30,2.0,10.0,"(4000,)","(0.0,)",49,5,8.612416,5.0281,0.155818,429313.11,86124.16,2615410.36
ProportionalFair,30,2.0,10.0,"(4000,)","(0.0,)",50,5,6.970808,5.0225,0.155674,347189.63,69708.08,2701530.17
ProportionalFair,30,2.0,10.0,"(4000,)","(0.0,)",51,5,9.922797,5.0179,0.157549,494821.70,99227.97,2636278.49
ProportionalFair,30,0.7,10.0,"(1000,)","(3.0,)",42,5,2.110496,5.0359,0.174292,105198.87,21104.96,651809.75
ProportionalFair,30,0.7,10.0,"(1000,)","(3.0,)",45,5,1.616480,5.0487,0.161623,80487.93,16164.80,672133.66
ProportionalFair,30,0.7,10.0,"(1000,)","(3.0,)",43,5,2.126577,5.0713,0.154788,105993.16,21265.77,671408.04
ProportionalFair,30,0.7,10.0,"(1000,)","(3.0,)",44,5,7.090503,4.9958,0.157303,354273.94,70905.03,502451.74
ProportionalFair,30,0.7,10.0,"(1000,)","(3.0,)",46,5,4.276372,4.9978,0.155235,213522.90,42763.72,591431.05
ProportionalFair,30,0.7,10.0,"(1000,)","(3.0,)",47,5,3.320667,5.0529,0.155881,165719.89,33206.67,626889.72
ProportionalFair,30,0.7,10.0,"(1000,)","(3.0,)",49,5,2.979243,5.0565,0.163975,148648.40,29792.43,627516.14
ProportionalFair,30,0.7,10.0,"(1000,)","(3.0,)",50,5,2.255446,5.0448,0.197632,112444.57,22554.46,655461.41
ProportionalFair,30,0.7,10.0,"(1000,)","(3.0,)",48,5,2.568255,5.0462,0.895230,128090.93,25682.55,643690.61
ProportionalFair,30,0.7,10.0,"(1000,)","(3.0,)",51,5,2.203326,5.0313,0.160923,109838.42,22033.26,655757.04
ProportionalFair,30,2.0,10.0,"(1000,)","(3.0,)",42,5,2.055971,5.0359,0.159645,102471.79,20559.71,653533.83
ProportionalFair,30,2.0,10.0,"(1000,)","(3.0,)",43,5,2.061148,5.0713,0.159958,102721.30,20611.48,672171.38
ProportionalFair,30,2.0,10.0,"(1000,)","(3.0,)",45,5,1.616480,5.0487,0.221689,80487.88,16164.80,672242.71
ProportionalFair,30,2.0,10.0,"(1000,)","(3.0,)",44,5,6.771559,4.9958,0.156327,338322.05,67715.59,511820.09
ProportionalFair,30,2.0,10.0,"(1000,)","(3.0,)",47,5,3.266142,5.0529,0.180974,162992.95,32661.42,628307.36
ProportionalFair,30,2.0,10.0,"(1000,)","(3.0,)",46,5,4.178228,4.9978,0.653576,208614.21,41782.28,594375.38
ProportionalFair,30,2.0,10.0,"(1000,)","(3.0,)",48,5,2.502826,5.0462,0.159783,124818.52,25028.26,645544.45
ProportionalFair,30,2.0,10.0,"(1000,)","(3.0,)",49,5,2.869163,5.0565,0.170505,143142.82,28691.63,630621.08
ProportionalFair,30,2.0,10.0,"(1000,)","(3.0,)",51,5,2.192421,5.0313,0.172148,109293.01,21924.21,656084.19
ProportionalFair,30,0.7,10.0,"(4000,)","(3.0,)",42,5,4.778239,5.0137,0.230155,237546.05,47782.39,2731782.54
ProportionalFair,30,2.0,10.0,"(1000,)","(3.0,)",50,5,2.233636,5.0448,0.581937,111353.69,22336.36,656224.75
ProportionalFair,30,0.7,10.0,"(4000,)","(3.0,)",43,5,6.350460,5.0337,0.417362,316172.33,63504.60,2701389.20
ProportionalFair,30,0.7,10.0,"(4000,)","(3.0,)",44,5,13.416141,5.0023,0.158626,669573.72,134161.41,2466685.95
ProportionalFair,30,0.7,10.0,"(4000,)","(3.0,)",45,5,6.407040,5.0070,0.158002,319004.38,64070.40,2695239.82
ProportionalFair,30,0.7,10.0,"(4000,)","(3.0,)",46,5,12.985352,4.9993,0.156194,648010.61,129853.52,2513938.57
ProportionalFair,30,0.7,10.0,"(4000,)","(3.0,)",47,5,6.996112,5.0262,0.154341,348471.49,69961.12,2668166.30
ProportionalFair,30,0.7,10.0,"(4000,)","(3.0,)",50,5,7.406985,5.0225,0.220148,369003.22,74069.85,2692043.17
ProportionalFair,30,0.7,10.0,"(4000,)","(3.0,)",49,5,8.917754,5.0281,0.188196,444585.82,89177.54,2603742.10
ProportionalFair,30,0.7,10.0,"(4000,)","(3.0,)",48,5,8.346783,5.0290,0.878902,416018.89,83467.83,2640480.62
ProportionalFair,30,0.7,10.0,"(4000,)","(3.0,)",51,5,10.304475,5.0179,0.174821,513909.16,103044.75,2629190.18
ProportionalFair,30,2.0,10.0,"(4000,)","(3.0,)",42,5,4.571045,5.0137,0.156264,227183.00,45710.45,2738543.58
ProportionalFair,30,2.0,10.0,"(4000,)","(3.0,)",43,5,6.088742,5.0337,0.157385,303083.36,60887.42,2707495.96
ProportionalFair,30,2.0,10.0,"(4000,)","(3.0,)",45,5,6.407040,5.0070,0.153213,319004.22,64070.40,2695566.97
ProportionalFair,30,2.0,10.0,"(4000,)","(3.0,)",44,5,12.108086,5.0023,0.155158,604150.48,121080.86,2507667.07
ProportionalFair,30,2.0,10.0,"(4000,)","(3.0,)",46,5,12.385581,4.9993,0.162145,618013.47,123855.81,2531168.35
ProportionalFair,30,2.0,10.0,"(4000,)","(3.0,)",47,5,6.919777,5.0262,0.218074,344653.30,69197.77,2671110.63
ProportionalFair,30,2.0,10.0,"(4000,)","(3.0,)",48,5,7.868000,5.0290,0.156395,392072.09,78680.00,2655846.22
ProportionalFair,30,2.0,10.0,"(4000,)","(3.0,)",50,5,6.970788,5.0225,0.157254,347188.62,69707.88,2701530.45
ProportionalFair,30,2.0,10.0,"(4000,)","(3.0,)",49,5,8.612416,5.0281,0.169493,429313.09,86124.16,2615410.37
ProportionalFair,30,2.0,10.0,"(4000,)","(3.0,)",51,5,9.922803,5.0179,0.383359,494822.00,99228.03,2636278.39
ProportionalFair,30,0.7,10.0,"(1000,)","(20.0,)",43,5,2.126591,5.0713,0.194717,105993.84,21265.91,671407.88
ProportionalFair,30,0.7,10.0,"(1000,)","(20.0,)",42,5,2.110497,5.0359,0.161269,105198.96,21104.97,651809.72
ProportionalFair,30,0.7,10.0,"(1000,)","(20.0,)",44,5,7.090486,4.9958,0.159087,354273.08,70904.86,502452.09
ProportionalFair,30,0.7,10.0,"(1000,)","(20.0,)",45,5,1.616480,5.0487,0.160123,80487.93,16164.80,672133.67
ProportionalFair,30,0.7,10.0,"(1000,)","(20.0,)",47,5,3.320669,5.0529,0.171595,165720.00,33206.69,626889.69
ProportionalFair,30,0.7,10.0,"(1000,)","(20.0,)",48,5,2.568238,5.0462,0.156707,128090.05,25682.38,643691.05
ProportionalFair,30,0.7,10.0,"(1000,)","(20.0,)",46,5,4.276369,4.9978,0.227615,213522.72,42763.69,591431.15
ProportionalFair,30,0.7,10.0,"(1000,)","(20.0,)",49,5,2.979242,5.0565,0.589267,148648.34,29792.42,627516.14
ProportionalFair,30,0.7,10.0,"(1000,)","(20.0,)",51,5,2.203326,5.0313,0.163374,109838.44,22033.26,655757.03
ProportionalFair,30,0.7,10.0,"(1000,)","(20.0,)",50,5,2.255445,5.0448,0.155016,112444.53,22554.45,655461.43
ProportionalFair,30,2.0,10.0,"(1000,)","(20.0,)",42,5,2.055973,5.0359,0.157443,102471.88,20559.73,653533.84
ProportionalFair,30,2.0,10.0,"(1000,)","(20.0,)",43,5,2.061161,5.0713,0.158700,102721.98,20611.61,672171.23
ProportionalFair,30,2.0,10.0,"(1000,)","(20.0,)",44,5,6.771541,4.9958,0.156088,338321.14,67715.41,511820.46
ProportionalFair,30,2.0,10.0,"(1000,)","(20.0,)",48,5,2.502808,5.0462,0.159713,124817.64,25028.08,645544.89
ProportionalFair,30,2.0,10.0,"(1000,)","(20.0,)",45,5,1.616480,5.0487,0.167469,80487.88,16164.80,672242.72
ProportionalFair,30,2.0,10.0,"(1000,)","(20.0,)",46,5,4.178224,4.9978,0.294283,208614.04,41782.24,594375.48
ProportionalFair,30,2.0,10.0,"(1000,)","(20.0,)",49,5,2.869161,5.0565,0.157747,143142.71,28691.61,630621.13
ProportionalFair,30,2.0,10.0,"(1000,)","(20.0,)",50,5,2.233635,5.0448,0.158532,111353.66,22336.35,656224.78
ProportionalFair,30,2.0,10.0,"(1000,)","(20.0,)",47,5,3.266144,5.0529,0.162922,162993.06,32661.44,628307.33
ProportionalFair,30,2.0,10.0,"(1000,)","(20.0,)",51,5,2.192421,5.0313,0.284587,109293.03,21924.21,656084.18
ProportionalFair,30,0.7,10.0,"(4000,)","(20.0,)",43,5,6.350388,5.0337,0.158809,316168.70,63503.88,2701390.60
ProportionalFair,30,0.7,10.0,"(4000,)","(20.0,)",44,5,13.416155,5.0023,0.160591,669574.42,134161.55,2466685.41
ProportionalFair,30,0.7,10.0,"(4000,)","(20.0,)",42,5,4.778233,5.0137,0.160209,237545.75,47782.33,2731782.74
ProportionalFair,30,0.7,10.0,"(4000,)","(20.0,)",45,5,6.407040,5.0070,0.157131,319004.38,64070.40,2695239.82
ProportionalFair,30,0.7,10.0,"(4000,)","(20.0,)",46,5,12.985375,4.9993,0.154597,648011.80,129853.75,2513938.11
ProportionalFair,30,0.7,10.0,"(4000,)","(20.0,)",47,5,6.996111,5.0262,0.531350,348471.48,69961.11,2668166.32
ProportionalFair,30,0.7,10.0,"(4000,)","(20.0,)",48,5,8.346760,5.0290,0.160991,416017.77,83467.60,2640481.01
ProportionalFair,30,0.7,10.0,"(4000,)","(20.0,)",50,5,7.406871,5.0225,0.158513,368997.53,74068.71,2692044.79
ProportionalFair,30,0.7,10.0,"(4000,)","(20.0,)",49,5,8.917752,5.0281,0.336345,444585.74,89177.52,2603742.13
ProportionalFair,30,2.0,10.0,"(4000,)","(20.0,)",43,5,6.088670,5.0337,0.284362,303079.74,60886.70,2707497.36
ProportionalFair,30,2.0,10.0,"(4000,)","(20.0,)",42,5,4.571040,5.0137,0.777435,227182.71,45710.40,2738543.79
ProportionalFair,30,2.0,10.0,"(4000,)","(20.0,)",44,5,12.108108,5.0023,0.392748,604151.54,121081.08,2507666.24
ProportionalFair,30,0.7,10.0,"(4000,)","(20.0,)",51,5,10.304509,5.0179,0.210499,513910.88,103045.09,2629189.57
ProportionalFair,30,2.0,10.0,"(4000,)","(20.0,)",45,5,6.407040,5.0070,0.156801,319004.22,64070.40,2695566.97
ProportionalFair,30,2.0,10.0,"(4000,)","(20.0,)",46,5,12.385605,4.9993,0.166713,618014.65,123856.05,2531167.89
ProportionalFair,30,2.0,10.0,"(4000,)","(20.0,)",49,5,8.612414,5.0281,0.175275,429313.01,86124.14,2615410.40
ProportionalFair,30,2.0,10.0,"(4000,)","(20.0,)",50,5,6.970674,5.0225,0.162197,347182.93,69706.74,2701532.08
ProportionalFair,30,2.0,10.0,"(4000,)","(20.0,)",48,5,7.868003,5.0290,0.495867,392072.23,78680.03,2655846.36
ProportionalFair,30,2.0,10.0,"(4000,)","(20.0,)",47,5,6.919777,5.0262,0.632696,344653.28,69197.77,2671110.65
ProportionalFair,50,0.7,10.0,"(1000,)","(0.0,)",42,5,3.266203,5.0397,0.175359,162752.06,32662.03,1116196.51
ProportionalFair,50,0.7,10.0,"(1000,)","(0.0,)",43,5,2.465331,5.0331,0.185184,122701.30,24653.31,1130527.84
ProportionalFair,50,0.7,10.0,"(1000,)","(0.0,)",44,5,4.486240,5.0586,0.166774,223776.14,44862.40,1071727.20
ProportionalFair,30,2.0,10.0,"(4000,)","(20.0,)",51,5,9.922837,5.0179,0.405631,494823.71,99228.37,2636277.78
ProportionalFair,50,0.7,10.0,"(1000,)","(0.0,)",46,5,2.190386,5.0682,0.159871,108947.80,21903.86,1142992.79
ProportionalFair,50,0.7,10.0,"(1000,)","(0.0,)",45,5,3.998451,5.0469,0.192148,199371.10,39984.51,1102892.12
ProportionalFair,50,0.7,10.0,"(1000,)","(0.0,)",47,5,4.471254,5.0446,0.167537,223028.81,44712.54,1067783.33
ProportionalFair,50,0.7,10.0,"(1000,)","(0.0,)",48,5,2.428000,5.0426,0.495986,120833.79,24280.00,1132427.19
ProportionalFair,50,0.7,10.0,"(1000,)","(0.0,)",49,5,4.146132,5.0522,0.174061,206758.42,41461.32,1096365.38
ProportionalFair,50,0.7,10.0,"(1000,)","(0.0,)",51,5,3.827121,5.0186,0.159108,190819.62,38271.21,1072861.43
ProportionalFair,50,0.7,10.0,"(1000,)","(0.0,)",50,5,2.904259,5.0248,0.179566,144648.60,29042.59,1128694.05
ProportionalFair,50,2.0,10.0,"(1000,)","(0.0,)",43,5,2.438903,5.0331,0.158273,121379.69,24389.03,1130901.17
ProportionalFair,50,2.0,10.0,"(1000,)","(0.0,)",42,5,3.146249,5.0397,0.157463,156752.88,31462.49,1119140.84
ProportionalFair,50,2.0,10.0,"(1000,)","(0.0,)",44,5,4.471404,5.0586,0.161873,223033.84,44714.04,1072747.95
ProportionalFair,50,2.0,10.0,"(1000,)","(0.0,)",45,5,3.813067,5.0469,0.161915,190100.17,38130.67,1106381.70
ProportionalFair,50,2.0,10.0,"(1000,)","(0.0,)",46,5,2.114051,5.0682,0.160455,105130.09,21140.51,1144955.68
ProportionalFair,50,2.0,10.0,"(1000,)","(0.0,)",47,5,4.436476,5.0446,0.157411,221289.56,44364.76,1068458.27
ProportionalFair,50,2.0,10.0,"(1000,)","(0.0,)",48,5,2.428000,5.0426,0.206544,120833.51,24280.00,1132972.44
ProportionalFair,50,2.0,10.0,"(1000,)","(0.0,)",50,5,2.740685,5.0248,0.175489,136468.00,27406.85,1132510.77
ProportionalFair,50,2.0,10.0,"(1000,)","(0.0,)",49,5,4.037083,5.0522,0.294901,201304.54,40370.83,1099200.66
ProportionalFair,50,2.0,10.0,"(1000,)","(0.0,)",51,5,3.750787,5.0186,0.180908,187001.76,37507.87,1075151.47
ProportionalFair,50,0.7,10.0,"(4000,)","(0.0,)",42,5,7.191865,5.0160,0.157490,357298.01,71918.65,4590455.35
ProportionalFair,50,0.7,10.0,"(4000,)","(0.0,)",43,5,9.551680,5.0192,0.168644,475319.43,95516.80,4529134.01
ProportionalFair,50,0.7,10.0,"(4000,)","(0.0,)",44,5,12.471689,5.0194,0.158042,621364.72,124716.89,4439472.96
ProportionalFair,50,0.7,10.0,"(4000,)","(0.0,)",45,5,9.384910,5.0188,0.165030,466980.57,93849.10,4529875.95
ProportionalFair,50,0.7,10.0,"(4000,)","(0.0,)",46,5,7.654395,5.0292,0.184802,380417.35,76543.95,4604796.99
ProportionalFair,50,0.7,10.0,"(4000,)","(0.0,)",47,5,16.406586,5.0162,0.186287,818182.53,164065.86,4293565.93
ProportionalFair,50,0.7,10.0,"(4000,)","(0.0,)",48,5,7.609339,5.0275,0.160020,378173.89,76093.39,4586082.45
ProportionalFair,50,0.7,10.0,"(4000,)","(0.0,)",50,5,4.177784,5.0227,0.183163,206557.30,41777.84,4663804.82
ProportionalFair,50,0.7,10.0,"(4000,)","(0.0,)",51,5,12.801567,5.0118,0.180790,637873.97,128015.67,4408731.79
ProportionalFair,50,2.0,10.0,"(4000,)","(0.0,)",42,5,7.104625,5.0160,0.208931,352934.51,71046.25,4593508.73
ProportionalFair,50,0.7,10.0,"(4000,)","(0.0,)",49,5,10.716029,5.0252,0.166874,533550.87,107160.29,4501156.42
ProportionalFair,50,2.0,10.0,"(4000,)","(0.0,)",43,5,9.551680,5.0192,0.180819,475318.94,95516.80,4530115.45
ProportionalFair,50,2.0,10.0,"(4000,)","(0.0,)",44,5,12.083242,5.0194,0.160877,601935.86,120832.42,4452517.57
ProportionalFair,50,2.0,10.0,"(4000,)","(0.0,)",46,5,7.458106,5.0292,0.167816,370600.03,74581.06,4610576.61
ProportionalFair,50,2.0,10.0,"(4000,)","(0.0,)",47,5,15.946351,5.0162,0.160523,795163.34,159463.51,4308406.06
ProportionalFair,50,2.0,10.0,"(4000,)","(0.0,)",45,5,9.134097,5.0188,0.483142,454435.98,91340.97,4537727.49
ProportionalFair,50,2.0,10.0,"(4000,)","(0.0,)",48,5,7.500784,5.0275,0.160838,372743.41,75007.84,4591619.20
ProportionalFair,50,2.0,10.0,"(4000,)","(0.0,)",49,5,10.585170,5.0252,0.195620,527005.19,105851.70,4506608.89
ProportionalFair,50,2.0,10.0,"(4000,)","(0.0,)",51,5,12.190891,5.0118,0.157636,607331.88,121908.91,4425340.21
ProportionalFair,50,2.0,10.0,"(4000,)","(0.0,)",50,5,4.068735,5.0227,0.164310,201102.88,40687.35,4667730.59
ProportionalFair,50,0.7,10.0,"(1000,)","(3.0,)",43,5,2.465331,5.0331,0.216892,122701.30,24653.31,1130527.84
ProportionalFair,50,0.7,10.0,"(1000,)","(3.0,)",44,5,4.486240,5.0586,0.168532,223776.14,44862.40,1071727.19
ProportionalFair,50,0.7,10.0,"(1000,)","(3.0,)",42,5,3.266202,5.0397,0.164980,162751.99,32662.02,1116196.53
ProportionalFair,50,0.7,10.0,"(1000,)","(3.0,)",45,5,3.998454,5.0469,0.161056,199371.23,39984.54,1102892.08
ProportionalFair,50,0.7,10.0,"(1000,)","(3.0,)",46,5,2.190385,5.0682,0.158220,108947.77,21903.85,1142992.80
ProportionalFair,50,0.7,10.0,"(1000,)","(3.0,)",47,5,4.471254,5.0446,0.157272,223028.81,44712.54,1067783.33
ProportionalFair,50,0.7,10.0,"(1000,)","(3.0,)",48,5,2.428000,5.0426,0.230635,120833.79,24280.00,1132427.19
ProportionalFair,50,0.7,10.0,"(1000,)","(3.0,)",49,5,4.146132,5.0522,0.198143,206758.44,41461.32,1096365.38
ProportionalFair,50,0.7,10.0,"(1000,)","(3.0,)",50,5,2.904256,5.0248,0.159069,144648.44,29042.56,1128694.08
ProportionalFair,50,0.7,10.0,"(1000,)","(3.0,)",51,5,3.827121,5.0186,0.404191,190819.63,38271.21,1072861.44
ProportionalFair,50,2.0,10.0,"(1000,)","(3.0,)",43,5,2.438904,5.0331,0.164152,121379.73,24389.04,1130901.16
ProportionalFair,50,2.0,10.0,"(1000,)","(3.0,)",42,5,3.146248,5.0397,0.474852,156752.81,31462.48,1119140.86
ProportionalFair,50,2.0,10.0,"(1000,)","(3.0,)",44,5,4.471405,5.0586,0.201186,223033.88,44714.05,1072747.94
ProportionalFair,50,2.0,10.0,"(1000,)","(3.0,)",45,5,3.813070,5.0469,0.158702,190100.30,38130.70,1106381.66
ProportionalFair,50,2.0,10.0,"(1000,)","(3.0,)",46,5,2.114051,5.0682,0.156844,105130.06,21140.51,1144955.69
ProportionalFair,50,2.0,10.0,"(1000,)","(3.0,)",47,5,4.436475,5.0446,0.160835,221289.54,44364.75,1068458.27
ProportionalFair,50,2.0,10.0,"(1000,)","(3.0,)",48,5,2.428000,5.0426,0.366290,120833.51,24280.00,1132972.43
ProportionalFair,50,2.0,10.0,"(1000,)","(3.0,)",49,5,4.037083,5.0522,0.186431,201304.56,40370.83,1099200.66
ProportionalFair,50,2.0,10.0,"(1000,)","(3.0,)",51,5,3.750787,5.0186,0.228615,187001.76,37507.87,1075151.47
ProportionalFair,50,2.0,10.0,"(1000,)","(3.0,)",50,5,2.740682,5.0248,0.165722,136467.84,27406.82,1132510.81
ProportionalFair,50,0.7,10.0,"(4000,)","(3.0,)",42,5,7.191865,5.0160,0.155991,357298.01,71918.65,4590455.34
ProportionalFair,50,0.7,10.0,"(4000,)","(3.0,)",43,5,9.551680,5.0192,0.158180,475319.43,95516.80,4529134.00
ProportionalFair,50,0.7,10.0,"(4000,)","(3.0,)",44,5,12.471687,5.0194,0.158652,621364.63,124716.87,4439473.01
ProportionalFair,50,0.7,10.0,"(4000,)","(3.0,)",45,5,9.384910,5.0188,0.171283,466980.56,93849.10,4529875.93
ProportionalFair,50,0.7,10.0,"(4000,)","(3.0,)",46,5,7.654392,5.0292,0.157173,380417.19,76543.92,4604797.06
ProportionalFair,50,0.7,10.0,"(4000,)","(3.0,)",47,5,16.406582,5.0162,0.270113,818182.29,164065.82,4293566.07
ProportionalFair,50,0.7,10.0,"(4000,)","(3.0,)",48,5,7.609340,5.0275,0.164340,378173.96,76093.40,4586082.46
ProportionalFair,50,0.7,10.0,"(4000,)","(3.0,)",50,5,4.177784,5.0227,0.194182,206557.30,41777.84,4663804.82
ProportionalFair,50,0.7,10.0,"(4000,)","(3.0,)",49,5,10.716028,5.0252,0.162518,533550.84,107160.28,4501156.44
ProportionalFair,50,0.7,10.0,"(4000,)","(3.0,)",51,5,12.801563,5.0118,0.193164,637873.77,128015.63,4408731.85
ProportionalFair,50,2.0,10.0,"(4000,)","(3.0,)",42,5,7.104625,5.0160,0.159846,352934.52,71046.25,4593508.72
ProportionalFair,50,2.0,10.0,"(4000,)","(3.0,)",44,5,12.083243,5.0194,0.163552,601935.91,120832.43,4452517.59
ProportionalFair,50,2.0,10.0,"(4000,)","(3.0,)",45,5,9.134097,5.0188,0.160603,454435.97,91340.97,4537727.48
ProportionalFair,50,2.0,10.0,"(4000,)","(3.0,)",46,5,7.458103,5.0292,0.169476,370599.87,74581.03,4610576.68
ProportionalFair,50,2.0,10.0,"(4000,)","(3.0,)",43,5,9.551680,5.0192,0.195720,475318.94,95516.80,4530115.44
ProportionalFair,50,2.0,10.0,"(4000,)","(3.0,)",47,5,15.946347,5.0162,0.165313,795163.13,159463.47,4308406.24
ProportionalFair,50,2.0,10.0,"(4000,)","(3.0,)",48,5,7.500786,5.0275,0.201778,372743.50,75007.86,4591619.20
ProportionalFair,50,2.0,10.0,"(4000,)","(3.0,)",49,5,10.585169,5.0252,0.206885,527005.16,105851.69,4506608.91
ProportionalFair,50,2.0,10.0,"(4000,)","(3.0,)",51,5,12.190887,5.0118,0.187747,607331.68,121908.87,4425340.26
ProportionalFair,50,0.7,10.0,"(1000,)","(20.0,)",43,5,2.465332,5.0331,0.263941,122701.33,24653.32,1130527.82
ProportionalFair,50,2.0,10.0,"(4000,)","(3.0,)",50,5,4.068735,5.0227,0.162130,201102.87,40687.35,4667730.59
ProportionalFair,50,0.7,10.0,"(1000,)","(20.0,)",45,5,3.998468,5.0469,0.166371,199371.97,39984.68,1102891.86
ProportionalFair,50,0.7,10.0,"(1000,)","(20.0,)",42,5,3.266195,5.0397,0.652613,162751.64,32661.95,1116196.61
ProportionalFair,50,0.7,10.0,"(1000,)","(20.0,)",46,5,2.190382,5.0682,0.163712,108947.61,21903.82,1142992.88
ProportionalFair,50,0.7,10.0,"(1000,)","(20.0,)",44,5,4.486240,5.0586,0.384830,223776.14,44862.40,1071727.16
ProportionalFair,50,0.7,10.0,"(1000,)","(20.0,)",48,5,2.428000,5.0426,0.171746,120833.79,24280.00,1132427.15
ProportionalFair,50,0.7,10.0,"(1000,)","(20.0,)",47,5,4.471254,5.0446,0.159838,223028.81,44712.54,1067783.33
ProportionalFair,50,0.7,10.0,"(1000,)","(20.0,)",49,5,4.146134,5.0522,0.157549,206758.52,41461.34,1096365.35
ProportionalFair,50,0.7,10.0,"(1000,)","(20.0,)",50,5,2.904237,5.0248,0.201061,144647.52,29042.37,1128694.27
ProportionalFair,50,0.7,10.0,"(1000,)","(20.0,)",51,5,3.827121,5.0186,0.160204,190819.64,38271.21,1072861.47
ProportionalFair,50,2.0,10.0,"(1000,)","(20.0,)",43,5,2.438908,5.0331,0.157527,121379.93,24389.08,1130901.11
ProportionalFair,50,2.0,10.0,"(1000,)","(20.0,)",42,5,3.146241,5.0397,0.272069,156752.46,31462.41,1119140.94
ProportionalFair,50,2.0,10.0,"(1000,)","(20.0,)",44,5,4.471409,5.0586,0.161196,223034.09,44714.09,1072747.87
ProportionalFair,50,2.0,10.0,"(1000,)","(20.0,)",46,5,2.114048,5.0682,0.190371,105129.91,21140.48,1144955.77
ProportionalFair,50,2.0,10.0,"(1000,)","(20.0,)",45,5,3.813085,5.0469,0.162696,190101.04,38130.85,1106381.44
ProportionalFair,50,2.0,10.0,"(1000,)","(20.0,)",47,5,4.436473,5.0446,0.748548,221289.41,44364.73,1068458.29
ProportionalFair,50,2.0,10.0,"(1000,)","(20.0,)",48,5,2.428000,5.0426,0.162563,120833.51,24280.00,1132972.40
ProportionalFair,50,2.0,10.0,"(1000,)","(20.0,)",49,5,4.037085,5.0522,0.156665,201304.64,40370.85,1099200.63
ProportionalFair,50,2.0,10.0,"(1000,)","(20.0,)",50,5,2.740663,5.0248,0.159259,136466.92,27406.63,1132510.99
ProportionalFair,50,2.0,10.0,"(1000,)","(20.0,)",51,5,3.750787,5.0186,0.233811,187001.77,37507.87,1075151.51
ProportionalFair,50,0.7,10.0,"(4000,)","(20.0,)",43,5,9.551680,5.0192,0.193548,475319.43,95516.80,4529133.94
ProportionalFair,50,0.7,10.0,"(4000,)","(20.0,)",42,5,7.191865,5.0160,0.381793,357298.04,71918.65,4590455.32
ProportionalFair,50,0.7,10.0,"(4000,)","(20.0,)",44,5,12.471677,5.0194,0.220470,621364.13,124716.77,4439473.29
ProportionalFair,50,0.7,10.0,"(4000,)","(20.0,)",46,5,7.654374,5.0292,0.156382,380416.28,76543.74,4604797.46
ProportionalFair,50,0.7,10.0,"(4000,)","(20.0,)",45,5,9.384908,5.0188,0.425107,466980.48,93849.08,4529875.85
ProportionalFair,50,0.7,10.0,"(4000,)","(20.0,)",47,5,16.406555,5.0162,0.198025,818180.98,164065.55,4293566.84
ProportionalFair,50,0.7,10.0,"(4000,)","(20.0,)",49,5,10.716025,5.0252,0.158295,533550.67,107160.25,4501156.56
ProportionalFair,50,0.7,10.0,"(4000,)","(20.0,)",48,5,7.609348,5.0275,0.159935,378174.34,76093.48,4586082.55
ProportionalFair,50,0.7,10.0,"(4000,)","(20.0,)",50,5,4.177784,5.0227,0.178127,206557.30,41777.84,4663804.82
ProportionalFair,50,2.0,10.0,"(4000,)","(20.0,)",42,5,7.104626,5.0160,0.159960,352934.55,71046.26,4593508.70
ProportionalFair,50,0.7,10.0,"(4000,)","(20.0,)",51,5,12.801541,5.0118,0.213050,637872.67,128015.41,4408732.23
ProportionalFair,50,2.0,10.0,"(4000,)","(20.0,)",43,5,9.551680,5.0192,0.427140,475318.94,95516.80,4530115.39
ProportionalFair,50,2.0,10.0,"(4000,)","(20.0,)",44,5,12.083249,5.0194,0.282453,601936.20,120832.49,4452517.71
ProportionalFair,50,2.0,10.0,"(4000,)","(20.0,)",45,5,9.134095,5.0188,0.159331,454435.89,91340.95,4537727.40
ProportionalFair,50,2.0,10.0,"(4000,)","(20.0,)",46,5,7.458085,5.0292,0.160850,370598.96,74580.85,4610577.07
ProportionalFair,50,2.0,10.0,"(4000,)","(20.0,)",47,5,15.946322,5.0162,0.158059,795161.89,159463.22,4308407.24
ProportionalFair,50,2.0,10.0,"(4000,)","(20.0,)",50,5,4.068735,5.0227,0.243252,201102.87,40687.35,4667730.60
ProportionalFair,50,2.0,10.0,"(4000,)","(20.0,)",49,5,10.585166,5.0252,0.170839,527004.99,105851.66,4506609.03
ProportionalFair,50,2.0,10.0,"(4000,)","(20.0,)",48,5,7.500796,5.0275,0.647648,372743.97,75007.96,4591619.20
ProportionalFair,50,2.0,10.0,"(4000,)","(20.0,)",51,5,12.190865,5.0118,0.163686,607330.58,121908.65,4425340.55
