step,spectral_efficiency_bps_hz,throughput_bits,total_queue_bits,ric_latency_ms,reward
1,5.555027,55550.27,120521.73,0.176316,55538.22
2,6.363380,63633.80,234751.93,0.160079,63610.32
3,8.277270,82772.70,326883.24,0.155735,82740.01
4,5.340736,53407.36,450379.88,0.156153,53362.32
5,8.635203,86352.03,540291.85,0.158516,86298.00
6,5.738366,57383.66,659044.18,0.156709,57317.76
7,8.643990,86439.90,748828.29,0.155849,86365.01
8,6.148077,61480.77,864571.52,0.161112,61394.31
9,7.400729,74007.29,968964.23,0.210677,73910.40
10,10.507279,105072.79,1040563.44,0.160492,104968.73
11,4.854907,48549.07,1165990.37,0.157272,48432.47
12,9.165409,91654.09,1249368.28,0.158193,91529.16
13,11.844586,118445.86,1307154.41,0.152015,118315.15
14,5.816508,58165.08,1425509.33,0.156560,58022.53
15,6.068822,60688.22,1540533.11,0.155753,60534.17
16,5.898682,58986.82,1658506.29,0.161176,58820.97
17,8.210598,82105.98,1753296.31,0.154446,81930.65
18,4.264774,42647.74,1886616.58,0.152939,42459.07
19,6.600215,66002.15,1996910.43,0.153712,65802.45
20,7.286674,72866.74,2099251.69,0.155705,72656.82
21,7.750900,77509.00,2199710.69,0.158419,77289.02
22,4.002913,40029.13,2335697.57,0.155115,39795.56
23,7.977904,79779.04,2431166.52,0.161116,79535.93
24,3.779381,37793.81,2570452.71,0.155223,37536.76
25,7.691250,76912.50,2669212.22,0.155636,76645.57
26,6.335900,63359.00,2782701.22,0.157558,63080.73
27,3.110358,31103.58,2926245.63,0.156202,30810.96
28,5.235432,52354.32,3050955.31,0.155336,52049.23
29,8.842328,88423.28,3137372.03,0.155386,88109.54
30,11.138619,111386.19,3202257.84,0.209703,111065.96
31,4.193087,41930.87,3334990.98,0.211300,41597.37
32,10.355443,103554.43,3408148.55,0.155471,103213.61
33,7.245168,72451.68,3510040.87,0.157819,72100.68
34,4.933870,49338.70,3637454.16,0.154272,48974.96
35,9.309891,93098.91,3719579.26,0.156892,92726.95
36,4.051370,40513.70,3856417.56,0.153884,40128.05
37,2.763921,27639.21,4004362.35,0.155332,27238.77
38,12.693415,126934.15,4051916.20,0.156351,126528.96
39,6.175086,61750.86,4168565.34,0.153850,61334.00
40,3.558574,35585.74,4308107.60,0.154733,35154.93
41,12.149571,121495.71,4362347.90,0.159945,121059.47
42,8.506153,85061.53,4452894.37,0.222460,84616.24
43,9.725257,97252.57,4531121.79,0.158328,96799.46
44,3.341391,33413.91,4673979.88,0.156888,32946.51
45,5.842659,58426.59,4791225.29,0.157134,57947.47
46,3.151620,31516.20,4935325.09,0.156429,31022.66
47,8.351809,83518.09,5027015.00,0.154957,83015.39
48,1.697740,16977.40,5184493.60,0.155678,16458.95
49,14.362266,143622.66,5218350.94,0.154153,143100.83
50,4.717262,47172.62,5348298.31,0.153450,46637.79
51,3.382843,33828.43,5488813.88,0.154698,33279.55
52,5.514975,55149.75,5610104.13,0.155057,54588.74
53,4.767687,47676.87,5738195.26,0.153593,47103.05
54,3.913411,39134.11,5874461.15,0.155697,38546.67
55,6.956660,69566.60,5980870.55,0.153513,68968.51
56,3.376191,33761.91,6123276.64,0.155020,33149.58
57,8.489527,84895.27,6213357.37,0.153246,84273.93
58,14.874635,148746.35,6241083.02,0.156918,148122.24
59,5.343423,53434.23,6361768.80,0.155118,52798.05
60,6.450475,64504.75,6472336.05,0.154607,63857.51
61,4.511478,45114.78,6604229.27,0.159028,44454.36
62,5.394179,53941.79,6727311.48,0.202622,53269.06
63,9.941568,99415.68,6805135.81,0.155222,98735.16
64,8.030499,80304.99,6899462.81,0.161472,79615.05
65,6.061018,60610.18,7015276.63,0.155713,59908.65
66,3.018701,30187.01,7161073.62,0.188277,29470.90
67,4.582472,45824.72,7290344.90,0.154651,45095.69
68,9.595215,95952.15,7370176.74,0.153764,95215.14
69,7.477973,74779.73,7469301.01,0.153123,74032.80
70,7.820445,78204.45,7568720.56,0.152553,77447.58
71,4.378542,43785.42,7700999.14,0.155354,43015.32
72,11.926423,119264.23,7758390.92,0.153949,118488.39
73,5.108844,51088.44,7885470.48,0.153209,50299.89
74,5.915886,59158.86,7999927.61,0.155026,58358.87
75,5.699161,56991.61,8119568.01,0.153175,56179.65
76,7.093782,70937.82,8224766.18,0.154290,70115.35
77,9.794488,97944.88,8300213.30,0.157594,97114.86
78,9.132620,91326.20,8387287.11,0.204829,90487.47
79,4.216007,42160.07,8522047.03,0.157991,41307.87
80,7.517016,75170.16,8622420.88,0.158503,74307.91
81,5.835036,58350.36,8738246.52,0.154375,57476.53
82,7.077597,70775.97,8841966.55,0.157666,69891.77
83,16.286545,162865.45,8856085.10,0.154432,161979.85
84,4.798832,47988.32,8985096.78,0.154844,47089.81
85,9.103317,91033.17,9069271.61,0.156422,90126.24
86,6.772059,67720.59,9176143.02,0.154977,66802.98
87,4.893059,48930.59,9305652.43,0.155704,48000.02
88,6.227013,62270.13,9420454.30,0.154357,61328.08
89,7.285836,72858.36,9522979.93,0.156692,71906.07
90,14.655513,146555.13,9553008.80,0.158521,145599.83
91,3.677300,36773.00,9691211.80,0.154585,35803.88
92,6.264838,62648.38,9806067.42,0.154489,61667.78
93,9.697980,96979.80,9888071.61,0.153358,95990.99
94,12.041341,120413.41,9942226.21,0.155376,119419.18
95,8.647986,86479.86,10031242.35,0.154188,85476.74
96,4.224474,42244.74,10165405.60,0.155298,41228.20
97,9.104519,91045.19,10248832.42,0.153494,90020.30
98,5.362146,53621.46,10370826.96,0.362372,52584.37
99,3.092202,30922.02,10517120.94,0.155259,29870.31
100,6.818364,68183.64,10627129.30,0.154577,67120.92
101,2.432227,24322.27,10777479.03,0.153541,23244.52
102,13.124872,131248.72,10819774.31,0.154522,130166.74
103,9.117256,91172.56,10905665.74,0.155625,90082.00
104,6.778524,67785.24,11014344.51,0.153793,66683.80
105,3.838206,38382.06,11153778.45,0.152848,37266.68
106,2.860280,28602.80,11302967.65,0.153561,27472.50
107,12.576631,125766.31,11353513.34,0.153764,124630.96
108,7.744671,77446.71,11450810.63,0.154350,76301.63
109,3.041976,30419.76,11594702.87,0.152672,29260.29
110,7.800379,78003.79,11691707.08,0.155792,76834.62
111,10.918648,109186.48,11759952.60,0.203729,108010.49
112,6.616142,66161.42,11871199.18,0.164828,64974.30
113,1.710418,17104.18,12028759.00,0.158650,15901.30
114,5.347962,53479.62,12150951.38,0.156655,52264.52
115,6.920984,69209.84,12257837.54,0.220416,67984.06
116,3.503981,35039.81,12399525.73,0.154555,33799.86
117,6.266972,62669.72,12511888.01,0.152699,61418.53
118,3.590541,35905.41,12650710.60,0.151510,34640.34
119,7.743250,77432.50,12748358.10,0.154539,76157.66
120,5.060279,50602.79,12875427.31,0.153963,49315.25
121,3.991644,39916.44,13011606.86,0.154295,38615.28
122,10.531895,105318.95,13081103.91,0.154344,104010.84
123,6.205712,62057.12,13194430.79,0.153541,60737.68
124,6.577872,65778.72,13304932.08,0.155150,64448.22
125,2.914484,29144.84,13453699.24,0.154365,27799.47
126,11.876066,118760.66,13510058.58,0.155474,117409.65
127,4.104105,41041.05,13646545.53,0.155705,39676.39
128,10.184441,101844.41,13720829.12,0.154206,100472.33
129,8.973851,89738.51,13808202.61,0.152350,88357.69
130,12.408103,124081.03,13860329.58,0.155227,122695.00
131,12.859409,128594.09,13909207.48,0.154346,127203.17
132,7.733624,77336.24,14005615.24,0.274660,75935.68
133,5.054398,50543.98,14130839.27,0.156057,49130.90
134,2.262808,22628.08,14285019.19,0.153960,21199.57
135,4.519273,45192.73,14414922.46,0.155180,43751.24
136,4.655734,46557.34,14544333.12,0.154551,45102.91
137,8.134287,81342.87,14640822.24,0.152887,79878.79
138,3.064205,30642.05,14786468.19,0.155379,29163.40
139,2.680951,26809.51,14937506.68,0.154458,25315.76
140,5.491717,54917.17,15056365.51,0.153850,53411.54
141,8.205919,82059.19,15150458.32,0.151808,80544.15
142,12.033881,120338.81,15204239.51,0.154812,118818.38
143,10.511204,105112.04,15276007.47,0.155995,103584.44
144,3.252177,32521.77,15419989.70,0.155177,30979.78
145,4.095433,40954.33,15555339.37,0.154133,39398.80
146,6.905236,69052.36,15662455.00,0.159983,67486.11
147,10.920922,109209.22,15731469.78,0.210554,107636.08
148,8.207916,82079.16,15826142.62,0.154840,80496.54
149,9.650310,96503.10,15907119.53,0.153525,94912.39
150,6.150199,61501.99,16024201.53,0.155927,59899.57
151,1.457867,14578.67,16185038.86,0.155630,12960.17
152,4.430837,44308.37,16317954.49,0.154742,42676.57
153,2.958525,29585.25,16465873.25,0.158456,27938.66
154,3.958294,39582.94,16600634.31,0.154563,37922.87
155,8.440624,84406.24,16692412.07,0.152525,82737.00
156,3.307811,33078.11,16835573.97,0.157637,31394.55
157,11.213709,112137.09,16899484.88,0.153684,110447.14
158,8.838927,88389.27,16988983.60,0.154032,86690.38
159,7.924001,79240.01,17085151.60,0.197067,77531.49
160,7.526442,75264.42,17186151.17,0.155581,73545.81
161,12.878954,128789.54,17235049.63,0.153320,127066.04
162,2.854882,28548.82,17381244.82,0.153752,26810.69
163,5.813004,58130.04,17498354.78,0.153554,56380.20
164,2.998763,29987.63,17645031.15,0.155333,28223.13
165,5.019697,50196.97,17772690.18,0.164702,48419.70
166,12.501899,125018.99,17825111.19,0.159263,123236.47
167,4.666135,46661.35,17954761.84,0.160025,44865.88
168,4.056487,40564.87,18090740.97,0.155300,38755.79
169,9.144714,91447.14,18175597.83,0.154823,89629.58
170,4.744158,47441.58,18305260.25,0.157042,45611.05
171,5.738288,57382.88,18421765.37,0.156324,55540.70
172,4.327660,43276.60,18552792.77,0.156736,41421.32
173,4.938315,49383.15,18681097.61,0.153485,47515.04
174,4.861482,48614.82,18808970.79,0.155234,46733.93
175,10.782317,107823.17,18878307.62,0.152371,105935.34
176,2.861414,28614.14,19026349.49,0.154713,26711.50
177,10.495758,104957.58,19098351.91,0.153484,103047.75
178,3.010475,30104.75,19246703.16,0.155966,28180.08
179,3.249624,32496.24,19390046.91,0.152509,30557.24
180,5.405040,54050.40,19511180.52,0.207294,52099.28
181,2.632412,26324.12,19659224.40,0.199820,24358.20
182,9.032461,90324.61,19743555.79,0.160000,88350.25
183,12.411684,124116.84,19796262.95,0.156390,122137.21
184,2.861589,28615.89,19942303.06,0.158572,26621.66
185,4.046900,40469.00,20076330.05,0.154202,38461.37
186,6.196657,61966.57,20191091.48,0.155503,59947.46
187,3.995887,39958.87,20328652.61,0.155937,37926.01
188,9.134467,91344.67,20412435.93,0.154421,89303.43
189,14.249852,142498.52,20446329.41,0.154258,140453.89
190,12.518254,125182.54,20496626.87,0.157794,123132.88
191,6.677055,66770.55,20606816.33,0.154905,64709.86
192,1.917047,19170.47,20761653.85,0.153160,17094.31
193,7.241419,72414.19,20866599.66,0.152515,70327.53
194,5.870672,58706.72,20981468.94,0.154107,56608.57
195,8.845673,88456.73,21068780.22,0.155224,86349.85
196,5.704301,57043.01,21186737.21,0.156049,54924.33
197,16.056879,160568.79,21202312.42,0.154362,158448.56
198,2.724506,27245.06,21350363.36,0.153873,25110.02
199,12.183159,121831.59,21403515.77,0.156304,119691.24
200,2.972733,29727.33,21550420.43,0.214259,27572.29
201,11.906082,119060.82,21605415.61,0.197374,116900.28
202,4.229298,42292.98,21739354.64,0.156099,40119.04
203,5.076213,50762.13,21865512.51,0.157055,48575.58
204,4.819214,48192.14,21994952.37,0.154932,45992.65
205,7.706047,77060.47,22093283.90,0.154930,74851.14
206,6.809587,68095.87,22200580.02,0.158120,65875.82
207,2.295461,22954.61,22356225.41,0.156040,20718.99
208,9.836471,98364.71,22434436.70,0.156345,96121.27
209,10.438671,104386.71,22506705.99,0.153303,102136.04
210,4.157272,41572.72,22642021.27,0.155794,39308.52
211,4.318706,43187.06,22774258.21,0.154787,40909.63
212,3.688216,36882.16,22914128.05,0.153623,34590.74
213,4.720352,47203.52,23043692.54,0.153513,44899.15
214,4.944722,49447.22,23167749.32,0.157579,47130.44
215,6.421358,64213.58,23279943.74,0.155671,61885.58
216,13.402383,134023.83,23320399.91,0.208437,131691.79
217,4.410789,44107.89,23454732.02,0.153274,41762.42
218,2.327479,23274.79,23606561.23,0.155021,20914.13
219,4.264511,42645.11,23743100.12,0.155234,40270.80
220,6.847931,68479.31,23849732.82,0.155120,66094.33
221,4.052818,40528.18,23987036.64,0.153299,38129.48
222,4.954888,49548.88,24116287.76,0.160756,47137.25
223,14.523311,145233.11,24147014.65,0.154613,142818.41
224,7.734325,77343.25,24244231.40,0.155218,74918.83
225,4.618780,46187.80,24374027.60,0.151140,43750.40
226,5.095596,50955.96,24498911.63,0.155192,48506.07
227,6.017411,60174.11,24616433.52,0.155456,57712.46
228,2.237399,22373.99,24769579.54,0.154343,19897.03
229,10.521480,105214.80,24839356.74,0.153649,102730.87
230,9.899826,98998.26,24916990.48,0.154655,96506.56
231,4.012221,40122.21,25054244.27,0.154564,37616.79
232,8.534239,85342.39,25146173.87,0.153576,82827.78
233,15.553652,155536.52,25167021.35,0.153477,153019.82
234,12.867664,128676.64,25213728.72,0.154652,126155.26
235,5.671559,56715.59,25334077.13,0.163381,54182.18
236,8.840552,88405.52,25419887.61,0.167091,85863.53
237,2.961084,29610.84,25565956.77,0.161492,27054.25
238,4.802024,48020.24,25695176.53,0.157554,45450.72
239,10.713205,107132.05,25765380.48,0.157428,104555.51
240,12.939351,129393.51,25812162.97,0.155163,126812.30
241,9.534095,95340.95,25893486.02,0.153518,92751.60
242,11.793030,117930.30,25952363.72,0.155426,115335.06
243,6.170934,61709.34,26066046.38,0.155769,59102.73
244,9.482483,94824.83,26146989.55,0.156074,92210.13
245,10.597581,105975.81,26216277.74,0.154503,103354.18
246,4.563880,45638.80,26346638.94,0.157125,43004.13
247,7.816029,78160.29,26443886.65,0.156122,75515.90
248,8.463355,84633.55,26535133.10,0.158073,81980.03
249,7.087055,70870.55,26639614.56,0.158304,68206.59
250,5.968660,59686.60,26757119.96,0.213786,57010.89
251,5.839673,58396.73,26876435.23,0.157001,55709.09
252,9.434468,94344.68,26959018.55,0.159712,91648.78
253,9.628955,96289.55,27038352.99,0.156970,93585.72
254,5.086070,50860.70,27163748.30,0.155314,48144.32
255,6.381710,63817.10,27277659.20,0.154121,61089.33
256,4.588175,45881.75,27409473.45,0.156867,43140.81
257,6.786943,67869.43,27516588.02,0.151974,65117.77
258,5.990766,59907.66,27633456.36,0.154188,57144.32
259,5.008487,50084.87,27758859.49,0.154514,47308.98
260,5.882781,58827.81,27875295.68,0.154705,56040.28
261,6.732912,67329.12,27984822.56,0.153276,64530.64
262,4.221791,42217.91,28118548.65,0.157231,39406.06
263,3.527348,35273.48,28260499.17,0.154923,32447.43
264,8.150264,81502.64,28354500.53,0.154663,78667.19
265,5.353938,53539.38,28478169.15,0.153727,50691.56
266,2.804048,28040.48,28624992.67,0.155318,25177.98
267,2.162048,21620.48,28779500.18,0.152868,18742.53
268,5.947729,59477.29,28898078.89,0.154499,56587.49
269,12.689857,126898.57,28947972.31,0.157435,124003.78
270,12.217529,122175.29,28999669.02,0.295801,119275.33
271,4.764786,47647.86,29127021.16,0.157451,44735.16
272,6.531123,65311.23,29237853.93,0.155743,62387.44
273,4.241565,42415.65,29368974.28,0.153417,39478.75
274,5.206740,52067.40,29491962.89,0.154470,49118.20
275,6.432151,64321.51,29603377.38,0.154509,61361.17
276,4.764963,47649.63,29732311.75,0.155260,44676.40
277,10.123706,101237.06,29806978.69,0.154256,98256.36
278,7.837467,78374.67,29902516.02,0.154777,75384.42
279,6.417197,64171.97,30015136.04,0.154371,61170.46
280,13.461687,134616.87,30056815.17,0.155623,131611.19
281,11.943261,119432.61,30114982.57,0.154471,116421.11
282,4.936708,49367.08,30241991.49,0.152404,46342.88
283,10.621469,106214.69,30312976.80,0.166068,103183.39
284,3.413723,34137.23,30456191.57,0.201438,31091.61
285,8.717532,87175.32,30544296.25,0.154967,84120.89
286,9.619189,96191.89,30621824.36,0.156883,93129.71
287,3.800759,38007.59,30759632.77,0.153893,34931.63
288,11.760737,117607.37,30817897.40,0.154087,114525.58
289,4.750002,47500.02,30944629.38,0.153076,44405.56
290,3.133869,31338.69,31090242.69,0.153945,28229.67
291,6.258378,62583.78,31202586.91,0.152950,59463.52
292,8.202689,82026.89,31295208.01,0.154307,78897.37
293,12.541990,125419.90,31345932.11,0.151305,122285.31
294,13.903593,139035.93,31383352.19,0.155421,135897.59
295,10.270888,102708.88,31456683.30,0.153472,99563.21
296,9.749451,97494.51,31535220.80,0.151578,94340.98
297,8.977638,89776.38,31621924.42,0.151675,86614.19
298,9.487765,94877.65,31702102.77,0.153877,91707.44
299,9.473798,94737.98,31785252.79,0.153477,91559.45
300,2.080439,20804.39,31942248.40,0.152270,17610.16
301,5.159152,51591.52,32068920.88,0.152462,48384.63
302,6.020503,60205.03,32185819.85,0.155298,56986.44
303,5.005274,50052.74,32310943.11,0.241640,46821.65
304,3.817478,38174.78,32449072.33,0.158777,34929.88
305,9.944559,99445.59,32524698.74,0.155620,96193.12
306,7.756294,77562.94,32624223.79,0.153693,74300.52
307,2.273877,22738.77,32777141.02,0.153719,19461.06
308,8.569246,85692.46,32866368.56,0.155025,82405.83
309,6.533644,65336.44,32975992.12,0.156391,62038.84
310,5.434979,54349.79,33098754.33,0.154593,51039.91
311,2.509875,25098.75,33249991.59,0.155447,21773.75
312,4.190175,41901.75,33383009.84,0.154796,38563.45
313,8.032443,80324.43,33477733.41,0.155438,76976.66
314,4.478798,44787.98,33609913.42,0.155614,41426.99
315,13.625184,136251.84,33648413.58,0.154451,132887.00
316,8.353645,83536.45,33742069.13,0.155326,80162.24
317,8.061716,80617.16,33837411.97,0.152472,77233.42
318,7.367402,73674.02,33939577.95,0.159790,70280.06
319,3.055093,30550.93,34083507.02,0.163873,27142.58
320,4.456803,44568.03,34215026.99,0.156759,41146.52
321,2.676598,26765.98,34365285.02,0.167676,23329.45
322,9.063664,90636.64,34450064.37,0.155889,87191.64
323,3.485796,34857.96,34590966.42,0.152590,31398.86
324,7.019441,70194.41,34696980.00,0.154513,66724.71
325,6.413200,64132.00,34807704.00,0.151292,60651.23
326,8.755238,87552.38,34897703.63,0.154222,84062.61
327,5.748916,57489.16,35016054.47,0.153586,53987.55
328,2.952747,29527.47,35162911.00,0.155959,26011.18
329,3.448628,34486.28,35303240.72,0.153754,30955.95
330,10.834259,108342.59,35371194.14,0.154164,104805.47
331,3.812707,38127.07,35508275.07,0.150476,34576.24
332,9.439644,94396.44,35589614.63,0.152291,90837.48
333,6.701268,67012.68,35696993.95,0.153778,63442.98
334,5.570802,55708.02,35817149.93,0.154977,52126.31
335,12.618069,126180.69,35867289.24,0.153653,122593.96
336,3.096699,30966.99,36012498.25,0.153614,27365.74
337,3.334021,33340.21,36156294.04,0.152831,29724.58
338,1.962407,19624.07,36314029.97,0.157162,15992.67
339,2.473314,24733.14,36464504.82,0.275673,21086.69
340,7.907905,79079.05,36560729.78,0.155469,75422.98
341,6.097210,60972.10,36677509.68,0.154182,57304.35
342,5.574657,55746.57,36798219.11,0.155226,52066.74
343,4.953931,49539.31,36925319.80,0.155622,45846.78
344,8.687872,86878.72,37014889.08,0.154622,83177.23
345,3.248249,32482.49,37160046.60,0.158526,28766.48
346,7.970754,79707.54,37254139.06,0.156519,75982.13
347,4.892248,48922.48,37379624.58,0.156509,45184.52
348,6.629490,66294.90,37490913.68,0.156360,62545.81
349,6.483452,64834.52,37602647.16,0.154602,61074.25
350,4.694849,46948.49,37729106.67,0.157059,43175.58
351,4.899774,48997.74,37854836.94,0.153891,45212.25
352,6.619656,66196.56,37965360.38,0.191869,62400.02
353,11.084855,110848.55,38031407.82,0.187478,107045.41
354,10.586652,105866.52,38100077.31,0.156723,102056.51
355,7.010305,70103.05,38205382.26,0.157054,66282.51
356,6.875774,68757.74,38313200.52,0.156030,64926.42
357,5.542402,55424.02,38432776.51,0.153416,51580.74
358,3.892989,38929.89,38569134.61,0.156203,35072.98
359,6.862428,68624.28,38676142.33,0.154575,64756.67
360,11.858155,118581.55,38732560.78,0.154804,114708.30
361,6.586743,65867.43,38842765.35,0.154982,61983.15
362,10.765772,107657.72,38910227.63,0.155019,103766.69
363,12.409540,124095.40,38961148.23,0.154312,120199.28
364,4.386855,43868.55,39093479.68,0.156905,39959.21
365,3.572224,35722.24,39236269.44,0.155134,31798.62
366,12.865742,128657.42,39283588.02,0.155783,124729.06
367,3.648997,36489.97,39423074.05,0.155862,32547.66
368,11.335692,113356.92,39486813.13,0.157294,109408.23
369,9.665649,96656.49,39564812.64,0.154619,92700.01
370,8.135427,81354.27,39661858.38,0.156433,77388.08
371,8.142299,81422.99,39757371.38,0.155780,77447.26
372,2.981900,29819.00,39903032.38,0.234270,25828.70
373,3.890275,38902.75,40040625.62,0.152600,34898.69
374,16.883920,168839.20,40046890.42,0.158068,164834.51
375,4.801639,48016.39,40172818.03,0.153224,43999.11
376,13.472422,134724.22,40214605.81,0.154440,130702.76
377,7.395466,73954.66,40317211.15,0.153225,69922.94
378,5.995723,59957.23,40432221.91,0.154098,55914.01
379,3.303304,33033.04,40575932.87,0.156411,28975.45
380,3.057099,30570.99,40721273.88,0.154950,26498.86
381,6.954999,69549.99,40827899.89,0.152867,65467.20
382,12.411941,124119.41,40880044.49,0.155169,120031.40
383,5.366108,53661.08,41003071.41,0.153973,49560.77
384,6.337047,63370.47,41116628.94,0.154648,59258.81
385,4.201511,42015.11,41251581.83,0.152374,37889.95
386,5.390833,53908.33,41373193.50,0.153019,49771.01
387,9.192971,91929.71,41456807.79,0.158744,87784.03
388,2.776970,27769.70,41603878.09,0.209801,23609.31
389,2.647951,26479.51,41752534.58,0.153495,22304.26
390,10.583227,105832.27,41820494.31,0.156205,101650.22
391,8.228359,82283.59,41914122.72,0.160202,78092.18
392,10.413876,104138.76,41987143.96,0.161185,99940.05
393,7.667982,76679.82,42088192.14,0.153976,72471.00
394,8.943266,89432.66,42175087.48,0.153572,85215.15
395,6.133302,61333.02,42287034.46,0.153337,57104.31
396,4.645038,46450.38,42416112.08,0.154992,42208.77
397,4.401911,44019.11,42548036.97,0.155267,39764.31
398,3.824733,38247.33,42687645.64,0.155100,33978.57
399,11.230917,112309.17,42751816.47,0.154771,108033.99
400,4.472085,44720.85,42883319.62,0.154783,40432.52
401,3.677482,36774.82,43023272.80,0.152831,32472.49
402,12.006999,120069.99,43079306.81,0.155332,115762.06
403,13.500871,135008.71,43119642.09,0.155298,130696.75
404,7.137685,71376.85,43224729.24,0.156057,67054.38
405,8.983120,89831.20,43310962.04,0.152984,85500.10
406,6.027987,60279.87,43426466.17,0.248835,55937.23
407,3.860366,38603.66,43563846.51,0.157472,34247.28
408,2.790751,27907.51,43712547.00,0.158364,23536.25
409,12.367793,123677.93,43765397.07,0.154890,119301.39
410,4.140202,41402.02,43900811.05,0.156197,37011.94
411,1.830656,18306.56,44058664.49,0.152732,13900.69
412,7.178724,71787.24,44163197.25,0.154263,67370.92
413,8.044983,80449.83,44258179.42,0.153902,76024.01
414,12.822045,128220.45,44304614.97,0.195836,123789.99
415,9.090109,90901.09,44389345.88,0.156680,86462.16
416,6.957316,69573.16,44496260.72,0.153979,65123.53
417,8.270189,82701.89,44588150.83,0.154541,78243.08
418,8.684891,86848.91,44677613.92,0.156846,82381.15
419,7.295288,72952.88,44780717.04,0.153735,68474.81
420,5.964705,59647.05,44898165.99,0.156772,55157.23
421,9.838338,98383.38,44975422.61,0.158674,93885.84
422,5.306604,53066.04,45099924.57,0.201712,48556.05
423,4.053555,40535.55,45237405.01,0.157007,36011.81
424,6.416562,64165.62,45348063.39,0.155594,59630.81
425,6.029334,60293.34,45462074.05,0.154654,55747.13
426,2.997726,29977.26,45604928.79,0.152974,25416.77
427,9.979020,99790.20,45680002.59,0.153587,95222.20
428,7.316025,73160.25,45781986.34,0.155463,68582.05
429,5.631918,56319.18,45903659.16,0.151851,51728.81
430,6.921599,69215.99,46010203.17,0.153821,64614.97
431,4.363830,43638.30,46142908.87,0.153173,39024.01
432,9.325036,93250.36,46224570.52,0.156244,88627.90
433,1.939891,19398.91,46380643.60,0.152829,14760.85
434,3.930732,39307.32,46517072.28,0.155917,34655.61
435,5.773189,57731.89,46634308.39,0.154336,53068.46
436,6.725656,67256.56,46744291.83,0.154428,62582.13
437,10.912806,109128.06,46812107.77,0.153381,104446.85
438,5.819279,58192.79,46931746.98,0.155909,53499.62
439,11.319225,113192.25,46995106.73,0.153944,108492.74
440,10.891907,108919.07,47063611.66,0.154462,104212.71
441,11.563291,115632.91,47126298.75,0.156859,110920.28
442,7.809899,78098.99,47222455.76,0.343506,73376.75
443,3.627728,36277.28,47363370.48,0.154805,31540.94
444,3.473549,34735.49,47505418.99,0.154240,29984.95
445,8.939259,89392.59,47592018.40,0.153484,84633.39
446,10.746711,107467.11,47660959.29,0.154867,102701.02
447,7.587667,75876.67,47759546.61,0.153783,71100.72
448,5.759345,57593.45,47877377.16,0.152728,52805.72
449,5.073512,50735.12,48003258.04,0.151786,45934.79
450,5.308033,53080.33,48123849.71,0.155244,48267.94
451,7.840160,78401.60,48222344.11,0.154975,73579.37
452,9.429806,94298.06,48306326.06,0.154531,89467.42
453,2.529036,25290.36,48455939.70,0.153858,20444.77
454,8.113716,81137.16,48549858.54,0.154707,76282.17
455,6.729915,67299.15,48659919.39,0.194811,62433.16
456,3.387877,33878.77,48801752.62,0.161043,28998.60
457,9.752319,97523.19,48878405.43,0.156608,92635.35
458,2.035953,20359.53,49033405.90,0.161538,15456.19
459,3.336696,33366.96,49174670.94,0.159607,28449.49
460,6.568859,65688.59,49285734.35,0.252231,60760.02
461,5.942420,59424.20,49400254.15,0.156150,54484.18
462,7.318879,73188.79,49502553.36,0.155475,68238.53
463,11.705565,117055.65,49562721.72,0.153711,112099.37
464,5.075844,50758.44,49688523.28,0.153741,45789.59
465,4.014306,40143.06,49824564.22,0.155241,35160.60
466,2.342612,23426.12,49975178.10,0.157366,18428.60
467,4.121140,41211.40,50109662.70,0.154914,36200.43
468,4.422417,44224.17,50240390.53,0.153776,39200.13
469,9.252343,92523.43,50324371.10,0.152891,87490.99
470,4.147172,41471.72,50458547.38,0.154154,36425.86
471,9.914109,99141.09,50535246.29,0.153660,94087.57
472,4.053494,40534.94,50671447.35,0.153503,35467.79
473,11.518351,115183.51,50730551.84,0.153623,110110.45
474,2.769515,27695.15,50879480.70,0.152873,22607.20
475,7.174782,71747.82,50985252.88,0.156331,66649.29
476,13.841214,138412.14,51021968.74,0.169766,133309.94
477,5.623221,56232.21,51143216.53,0.156406,51117.89
478,5.786107,57861.07,51260835.46,0.155794,52734.99
479,1.438323,14383.23,51422852.23,0.152913,9240.94
480,3.359774,33597.74,51563206.49,0.154774,28441.42
481,12.668046,126680.46,51611406.03,0.152237,121519.32
482,7.753407,77534.07,51710919.96,0.154125,72362.98
483,5.658882,56588.82,51830171.14,0.154656,51405.81
484,5.419819,54198.19,51951308.95,0.155052,49003.06
485,4.736608,47366.08,52081382.87,0.152479,42157.94
486,7.914433,79144.33,52177902.53,0.155141,73926.54
487,6.928207,69282.07,52283484.47,0.154642,64053.72
488,5.274098,52740.98,52405823.49,0.155084,47500.40
489,8.096277,80962.77,52501884.71,0.154164,75712.58
490,1.991430,19914.30,52656754.41,0.159904,14648.62
491,10.064604,100646.04,52734828.38,0.200960,95372.56
492,8.221928,82219.28,52828321.10,0.155509,76936.45
493,5.665369,56653.69,52946963.40,0.153976,51358.99
494,5.699733,56997.33,53063766.08,0.154440,51690.95
495,8.765014,87650.14,53150547.93,0.154584,82335.09
496,4.471371,44713.71,53279746.22,0.154822,39385.74
497,5.907608,59076.08,53396462.14,0.151760,53736.43
498,8.304494,83044.94,53491929.20,0.152660,77695.74
499,10.612879,106128.79,53561888.41,0.155482,100772.61
500,8.148918,81489.18,53655871.23,0.152303,76123.59
